"TIMESTAMP","VectorWindSpeed","VectorWindDirection","SpeedDirectionReliability","W_Speed","W_Reliability","W_Count","W_StandardDeviation","W_Amplitude","W_Noise","W_SNR","W_ValidCount","V_Speed","V_Reliability","V_Count","V_StandardDeviation","V_Amplitude","V_Noise","V_SNR","V_ValidCount","U_Speed","U_Reliability","U_Count","U_StandardDeviation","U_Amplitude","U_Noise","U_SNR","U_ValidCount"
"TIMESTAMP","m/s","Â°","","m/s","","","m/s","","","","","m/s","","","m/s","","","","","m/s","","","m/s","","","",""
"2025-04-01 00:00:00",1.1,133.0,9.0,0.18,9.0,274.0,0.1,6834.0,533.0,22.3,274.0,0.1,9.0,274.0,0.6,5355.0,693.0,17.8,271.0,-1.1,9.0,274.0,0.5,4864.0,515.0,19.5,270.0
"2025-04-01 00:15:00",1.2,125.0,9.0,0.2,9.0,277.0,0.12,6269.0,516.0,20.7,257.0,-0.1,9.0,277.0,0.5,5007.0,630.0,17.1,254.0,-1.2,9.0,277.0,0.5,4594.0,468.0,18.8,254.0
"2025-04-01 00:30:00",0.9,123.0,9.0,0.23,9.0,274.0,0.11,6816.0,575.0,21.6,274.0,-0.1,9.0,274.0,0.6,4958.0,698.0,17.0,273.0,-0.9,9.0,274.0,0.2,5753.0,417.0,22.9,269.0
"2025-04-01 00:45:00",1.0,131.0,9.0,0.22,9.0,274.0,0.1,6845.0,579.0,21.6,274.0,0.0,9.0,274.0,0.6,4996.0,689.0,17.2,273.0,-1.0,9.0,274.0,0.2,5469.0,415.0,22.4,270.0
"2025-04-01 01:00:00",0.8,118.0,9.0,0.16,9.0,275.0,0.13,6592.0,655.0,20.2,275.0,-0.1,9.0,275.0,0.7,5006.0,685.0,17.3,274.0,-0.8,9.0,275.0,0.3,4910.0,448.0,20.9,273.0
"2025-04-01 01:15:00",0.7,104.0,9.0,0.16,9.0,276.0,0.16,5875.0,553.0,19.7,257.0,-0.3,9.0,276.0,0.6,4508.0,583.0,16.8,257.0,-0.7,9.0,276.0,0.3,4145.0,415.0,18.8,254.0
"2025-04-01 01:30:00",1.0,106.0,9.0,0.23,9.0,274.0,0.1,6209.0,517.0,21.7,273.0,-0.4,9.0,274.0,0.5,4573.0,627.0,17.3,274.0,-0.9,9.0,274.0,0.3,4405.0,449.0,19.8,271.0
"2025-04-01 01:45:00",1.0,114.0,9.0,0.24,9.0,275.0,0.1,6414.0,511.0,22.1,274.0,-0.2,9.0,275.0,0.6,4552.0,633.0,17.1,275.0,-1.0,9.0,275.0,0.2,4856.0,436.0,20.9,272.0
"2025-04-01 02:00:00",1.0,117.0,9.0,0.25,9.0,274.0,0.09,6608.0,527.0,22.0,274.0,-0.2,9.0,274.0,0.5,4556.0,655.0,16.8,274.0,-1.0,9.0,274.0,0.2,5230.0,426.0,21.8,271.0
"2025-04-01 02:15:00",1.0,126.0,9.0,0.27,9.0,277.0,0.08,6292.0,464.0,21.5,255.0,0.0,9.0,277.0,0.5,4139.0,632.0,15.5,257.0,-1.0,9.0,277.0,0.1,5151.0,389.0,21.3,257.0
"2025-04-01 02:30:00",1.1,109.0,9.0,0.25,9.0,274.0,0.09,6711.0,549.0,21.9,274.0,-0.4,9.0,274.0,0.5,4829.0,677.0,17.0,274.0,-1.0,9.0,274.0,0.1,5578.0,427.0,22.4,272.0
"2025-04-01 02:45:00",1.1,106.0,9.0,0.22,9.0,274.0,0.12,6827.0,576.0,21.5,272.0,-0.4,9.0,274.0,0.5,5094.0,685.0,17.4,274.0,-1.0,9.0,274.0,0.1,5136.0,428.0,21.6,272.0
"2025-04-01 03:00:00",1.1,124.0,9.0,0.22,9.0,275.0,0.09,6858.0,546.0,22.1,275.0,-0.1,9.0,275.0,0.6,4837.0,672.0,17.0,273.0,-1.1,9.0,275.0,0.2,5300.0,430.0,21.9,272.0
"2025-04-01 03:15:00",0.7,129.0,9.0,0.09,9.0,276.0,0.18,6038.0,558.0,19.9,257.0,0.0,9.0,276.0,0.6,5035.0,608.0,17.5,257.0,-0.7,9.0,276.0,0.3,4602.0,397.0,20.1,255.0
"2025-04-01 03:30:00",1.0,134.0,9.0,0.16,9.0,274.0,0.14,6558.0,547.0,21.7,274.0,0.1,9.0,274.0,0.5,5471.0,689.0,18.1,273.0,-1.0,9.0,274.0,0.3,5295.0,466.0,21.1,269.0
"2025-04-01 03:45:00",0.4,182.0,9.0,-0.01,9.0,275.0,0.17,5968.0,667.0,19.4,274.0,0.3,9.0,275.0,0.6,4580.0,583.0,17.9,275.0,-0.2,9.0,275.0,0.6,4028.0,583.0,16.7,274.0
"2025-04-01 04:00:00",0.3,279.0,9.0,0.0,9.0,274.0,0.17,5102.0,860.0,15.5,273.0,0.2,9.0,274.0,0.7,3893.0,649.0,15.4,274.0,0.3,9.0,274.0,0.4,4351.0,598.0,17.2,274.0
"2025-04-01 04:15:00",0.1,295.0,9.0,-0.01,9.0,277.0,0.07,5617.0,480.0,20.3,257.0,0.0,9.0,277.0,0.6,4516.0,567.0,17.0,257.0,0.1,9.0,277.0,0.4,4909.0,441.0,19.8,257.0
"2025-04-01 04:30:00",0.8,57.0,9.0,0.12,9.0,273.0,0.08,6180.0,619.0,20.1,268.0,-0.7,9.0,273.0,0.4,5433.0,525.0,20.4,271.0,-0.2,9.0,273.0,0.6,5124.0,500.0,20.3,273.0
"2025-04-01 04:45:00",1.4,85.0,9.0,0.21,9.0,273.0,0.13,6031.0,631.0,19.7,272.0,-1.0,9.0,273.0,0.4,4838.0,503.0,19.5,271.0,-1.0,9.0,273.0,0.6,4443.0,502.0,18.9,273.0
"2025-04-01 05:00:00",1.2,82.0,9.0,0.24,9.0,274.0,0.13,6006.0,735.0,18.3,273.0,-0.9,9.0,274.0,0.3,5400.0,500.0,20.7,272.0,-0.9,9.0,274.0,0.4,4628.0,490.0,19.5,274.0
"2025-04-01 05:15:00",1.5,77.0,9.0,0.3,9.0,275.0,0.09,5930.0,588.0,19.3,251.0,-1.1,9.0,275.0,0.5,4842.0,527.0,18.3,254.0,-0.9,9.0,275.0,0.4,4366.0,432.0,18.9,255.0
"2025-04-01 05:30:00",1.3,76.0,9.0,0.29,9.0,274.0,0.14,6247.0,729.0,18.8,274.0,-1.0,9.0,274.0,0.5,5439.0,607.0,19.2,271.0,-0.8,9.0,274.0,0.5,5046.0,512.0,19.9,273.0
"2025-04-01 05:45:00",1.6,74.0,9.0,0.36,9.0,273.0,0.14,5897.0,856.0,16.8,273.0,-1.3,9.0,273.0,0.4,5139.0,625.0,18.3,272.0,-0.9,9.0,273.0,0.4,4689.0,455.0,20.2,272.0
"2025-04-01 06:00:00",0.7,85.0,9.0,0.18,9.0,274.0,0.13,6202.0,669.0,19.4,274.0,-0.5,9.0,274.0,0.4,5147.0,526.0,19.9,273.0,-0.5,9.0,274.0,0.4,5035.0,444.0,21.0,273.0
"2025-04-01 06:15:00",0.4,67.0,9.0,0.1,9.0,275.0,0.16,5694.0,632.0,18.3,256.0,-0.3,9.0,275.0,0.4,4576.0,475.0,18.7,256.0,-0.2,9.0,275.0,0.4,4539.0,438.0,19.2,255.0
"2025-04-01 06:30:00",1.1,80.0,9.0,0.33,9.0,273.0,0.07,6367.0,495.0,22.3,272.0,-0.8,9.0,273.0,0.3,4789.0,525.0,19.2,273.0,-0.7,9.0,273.0,0.3,4927.0,402.0,21.7,273.0
"2025-04-01 06:45:00",0.7,87.0,9.0,0.12,9.0,274.0,0.15,6104.0,524.0,21.4,274.0,-0.4,9.0,274.0,0.4,4741.0,460.0,20.2,274.0,-0.5,9.0,274.0,0.6,4106.0,409.0,20.0,274.0
"2025-04-01 07:00:00",0.7,68.0,9.0,0.09,9.0,273.0,0.14,6227.0,580.0,20.9,273.0,-0.6,9.0,273.0,0.5,4813.0,530.0,19.2,273.0,-0.3,9.0,273.0,0.7,3896.0,475.0,18.3,270.0
"2025-04-01 07:15:00",0.7,273.0,9.0,-0.1,9.0,276.0,0.16,5746.0,630.0,18.4,255.0,0.4,9.0,276.0,0.7,4555.0,522.0,17.7,256.0,0.6,9.0,276.0,0.5,4212.0,380.0,19.6,256.0
"2025-04-01 07:30:00",0.1,244.0,9.0,-0.02,9.0,274.0,0.15,6286.0,633.0,20.2,274.0,0.1,9.0,274.0,0.7,4721.0,539.0,18.9,273.0,0.1,9.0,274.0,0.6,4220.0,471.0,18.9,273.0
"2025-04-01 07:45:00",0.9,307.0,9.0,0.03,9.0,274.0,0.18,6417.0,648.0,20.3,272.0,0.0,9.0,274.0,1.1,5543.0,669.0,18.5,274.0,0.9,9.0,274.0,1.3,5029.0,657.0,17.8,274.0
"2025-04-01 08:00:00",0.3,350.0,9.0,-0.02,9.0,274.0,0.16,6343.0,637.0,20.3,274.0,-0.2,9.0,274.0,1.0,5329.0,612.0,19.0,273.0,0.2,9.0,274.0,0.8,4443.0,533.0,18.3,273.0
"2025-04-01 08:15:00",0.4,287.0,9.0,-0.02,9.0,277.0,0.17,5944.0,605.0,19.1,257.0,0.1,9.0,277.0,1.2,5001.0,603.0,17.5,255.0,0.3,9.0,277.0,1.1,4380.0,584.0,16.7,253.0
"2025-04-01 08:30:00",0.1,348.0,9.0,-0.06,9.0,274.0,0.15,6264.0,601.0,20.7,270.0,0.0,9.0,274.0,0.7,4910.0,548.0,19.1,270.0,0.1,9.0,274.0,0.8,3876.0,507.0,17.6,269.0
"2025-04-01 08:45:00",0.5,324.0,9.0,-0.04,9.0,274.0,0.17,6399.0,674.0,20.0,272.0,-0.1,9.0,274.0,1.3,5325.0,690.0,17.9,274.0,0.5,9.0,274.0,1.2,4808.0,676.0,17.1,270.0
"2025-04-01 09:00:00",0.9,330.0,9.0,0.02,9.0,274.0,0.19,6329.0,669.0,19.9,272.0,-0.4,9.0,274.0,1.0,5496.0,678.0,18.4,274.0,0.9,9.0,274.0,1.3,4929.0,657.0,17.6,274.0
"2025-04-01 09:15:00",0.6,322.0,9.0,-0.05,9.0,277.0,0.17,5910.0,586.0,19.4,254.0,-0.1,9.0,277.0,0.9,4728.0,586.0,17.2,257.0,0.6,9.0,277.0,0.9,4350.0,557.0,16.9,255.0
"2025-04-01 09:30:00",0.8,312.0,9.0,0.05,9.0,273.0,0.27,6364.0,787.0,18.5,271.0,-0.1,9.0,273.0,1.4,5681.0,751.0,17.7,273.0,0.8,9.0,273.0,1.3,5305.0,738.0,17.3,273.0
"2025-04-01 09:45:00",1.1,302.0,9.0,-0.09,9.0,274.0,0.2,6345.0,705.0,19.5,271.0,0.1,9.0,274.0,1.1,5222.0,646.0,18.3,271.0,1.1,9.0,274.0,1.2,4953.0,678.0,17.3,274.0
"2025-04-01 10:00:00",0.8,329.0,9.0,-0.03,9.0,274.0,0.2,6375.0,694.0,19.6,273.0,-0.3,9.0,274.0,1.1,5162.0,688.0,17.7,269.0,0.8,9.0,274.0,1.2,4943.0,645.0,17.8,273.0
"2025-04-01 10:15:00",0.8,295.0,9.0,-0.05,9.0,276.0,0.19,5839.0,666.0,18.2,254.0,0.2,9.0,276.0,1.4,4795.0,687.0,16.2,254.0,0.8,9.0,276.0,1.4,4379.0,672.0,15.6,251.0
"2025-04-01 10:30:00",0.8,286.0,9.0,-0.05,9.0,275.0,0.19,6028.0,742.0,18.5,273.0,0.3,9.0,275.0,1.3,4853.0,724.0,16.9,270.0,0.8,9.0,275.0,1.3,4641.0,694.0,16.7,273.0
"2025-04-01 10:45:00",0.7,258.0,9.0,-0.07,9.0,276.0,0.18,6103.0,695.0,19.2,275.0,0.6,9.0,276.0,1.1,4591.0,617.0,17.6,275.0,0.5,9.0,276.0,1.0,4461.0,654.0,17.0,271.0
"2025-04-01 11:00:00",0.9,275.0,9.0,-0.07,9.0,275.0,0.19,6049.0,719.0,18.8,272.0,0.5,9.0,275.0,1.1,4829.0,651.0,17.6,275.0,0.8,9.0,275.0,1.1,4481.0,652.0,16.9,271.0
"2025-04-01 11:15:00",1.0,278.0,9.0,-0.07,9.0,278.0,0.22,5708.0,694.0,17.6,257.0,0.5,9.0,278.0,1.6,4630.0,643.0,16.5,253.0,0.9,9.0,278.0,1.2,4296.0,681.0,15.4,254.0
"2025-04-01 11:30:00",1.2,297.0,9.0,-0.17,9.0,276.0,0.29,5764.0,824.0,17.2,271.0,0.2,9.0,276.0,1.6,5068.0,729.0,17.1,271.0,1.2,9.0,276.0,1.4,5039.0,711.0,17.2,271.0
"2025-04-01 11:45:00",1.2,308.0,9.0,-0.09,9.0,276.0,0.26,5878.0,804.0,17.6,271.0,0.0,9.0,276.0,2.0,4967.0,755.0,16.5,275.0,1.2,9.0,276.0,1.2,5214.0,753.0,17.2,274.0
"2025-04-01 12:00:00",1.4,278.0,9.0,-0.09,9.0,276.0,0.21,5997.0,746.0,18.5,271.0,0.7,9.0,276.0,1.5,4810.0,675.0,17.4,271.0,1.2,9.0,276.0,1.1,4900.0,693.0,17.3,273.0
"2025-04-01 12:15:00",0.9,271.0,9.0,-0.04,9.0,278.0,0.2,5707.0,667.0,17.9,255.0,0.6,9.0,278.0,1.4,4455.0,650.0,16.3,254.0,0.7,9.0,278.0,0.9,4219.0,621.0,15.9,255.0
"2025-04-01 12:30:00",0.8,285.0,9.0,-0.05,9.0,275.0,0.2,6042.0,672.0,19.4,272.0,0.3,9.0,275.0,1.1,4564.0,650.0,17.2,269.0,0.8,9.0,275.0,1.0,4373.0,630.0,17.0,270.0
"2025-04-01 12:45:00",0.8,290.0,9.0,-0.05,9.0,276.0,0.2,5945.0,682.0,19.1,276.0,0.3,9.0,276.0,0.9,4542.0,608.0,17.7,271.0,0.8,9.0,276.0,1.2,4163.0,668.0,16.1,271.0
"2025-04-01 13:00:00",0.8,270.0,9.0,-0.05,9.0,276.0,0.18,6040.0,659.0,19.5,276.0,0.5,9.0,276.0,0.9,4642.0,562.0,18.5,271.0,0.7,9.0,276.0,1.0,4186.0,613.0,16.7,274.0
"2025-04-01 13:15:00",0.9,286.0,9.0,-0.06,9.0,278.0,0.18,5441.0,626.0,18.0,255.0,0.4,9.0,278.0,1.0,4250.0,580.0,16.6,253.0,0.9,9.0,278.0,1.1,3905.0,607.0,15.5,253.0
"2025-04-01 13:30:00",1.2,273.0,9.0,-0.06,9.0,276.0,0.21,5867.0,735.0,18.3,271.0,0.7,9.0,276.0,1.2,4778.0,642.0,17.7,271.0,1.0,9.0,276.0,1.1,4484.0,692.0,16.6,271.0
"2025-04-01 13:45:00",0.7,279.0,9.0,-0.05,9.0,275.0,0.16,5890.0,638.0,19.5,275.0,0.4,9.0,275.0,0.9,4561.0,575.0,18.2,270.0,0.6,9.0,275.0,0.7,4046.0,597.0,16.7,270.0
"2025-04-01 14:00:00",0.8,285.0,9.0,-0.04,9.0,276.0,0.17,5898.0,680.0,19.0,272.0,0.3,9.0,276.0,0.9,4706.0,573.0,18.6,271.0,0.7,9.0,276.0,0.9,4376.0,616.0,17.1,274.0
"2025-04-01 14:15:00",0.8,286.0,9.0,-0.05,9.0,278.0,0.18,5474.0,618.0,18.2,254.0,0.3,9.0,278.0,1.2,4259.0,596.0,16.4,252.0,0.7,9.0,278.0,0.9,4063.0,594.0,16.1,254.0
"2025-04-01 14:30:00",1.5,285.0,9.0,-0.08,9.0,276.0,0.25,5670.0,782.0,17.5,271.0,0.6,9.0,276.0,1.5,4507.0,698.0,16.4,271.0,1.3,9.0,276.0,1.4,4676.0,749.0,16.1,271.0
"2025-04-01 14:45:00",1.4,279.0,9.0,-0.14,9.0,276.0,0.23,5500.0,799.0,17.0,273.0,0.7,9.0,276.0,1.7,4441.0,733.0,16.0,270.0,1.2,9.0,276.0,1.0,4729.0,713.0,16.7,271.0
"2025-04-01 15:00:00",1.1,283.0,9.0,-0.1,9.0,276.0,0.35,5339.0,893.0,15.8,271.0,0.5,9.0,276.0,2.1,4788.0,833.0,15.5,271.0,1.0,9.0,276.0,1.0,5023.0,784.0,16.5,271.0
"2025-04-01 15:15:00",1.3,275.0,9.0,-0.11,9.0,279.0,0.26,5122.0,752.0,16.1,254.0,0.7,9.0,279.0,1.6,4310.0,679.0,15.6,254.0,1.1,9.0,279.0,1.1,4598.0,710.0,15.7,254.0
"2025-04-01 15:30:00",1.3,290.0,9.0,-0.13,9.0,276.0,0.29,5381.0,851.0,16.3,271.0,0.4,9.0,276.0,2.2,4468.0,776.0,15.5,271.0,1.3,9.0,276.0,1.5,4845.0,744.0,16.7,271.0
"2025-04-01 15:45:00",1.1,279.0,9.0,-0.14,9.0,277.0,0.2,5583.0,726.0,18.0,272.0,0.5,9.0,277.0,1.1,4321.0,620.0,17.2,272.0,0.9,9.0,277.0,0.8,4529.0,644.0,17.1,272.0
"2025-04-01 16:00:00",1.1,282.0,9.0,-0.14,9.0,276.0,0.18,5795.0,681.0,18.8,273.0,0.5,9.0,276.0,0.9,4393.0,604.0,17.4,273.0,1.0,9.0,276.0,1.0,4143.0,625.0,16.5,272.0
"2025-04-01 16:15:00",0.7,280.0,9.0,-0.09,9.0,277.0,0.18,5134.0,607.0,17.7,255.0,0.3,9.0,277.0,0.8,3810.0,534.0,16.2,252.0,0.6,9.0,277.0,0.8,3675.0,539.0,15.9,252.0
"2025-04-01 16:30:00",0.7,269.0,9.0,-0.09,9.0,276.0,0.17,5546.0,651.0,18.8,275.0,0.4,9.0,276.0,0.7,4155.0,584.0,17.2,271.0,0.5,9.0,276.0,0.8,4038.0,582.0,16.9,274.0
"2025-04-01 16:45:00",0.6,285.0,9.0,-0.05,9.0,276.0,0.17,5694.0,602.0,19.7,276.0,0.2,9.0,276.0,0.6,4350.0,525.0,18.5,272.0,0.5,9.0,276.0,0.7,3890.0,537.0,17.2,271.0
"2025-04-01 17:00:00",0.6,298.0,9.0,-0.03,9.0,276.0,0.16,5704.0,615.0,19.5,271.0,0.1,9.0,276.0,0.6,4389.0,520.0,18.5,274.0,0.6,9.0,276.0,0.7,3946.0,521.0,17.6,274.0
"2025-04-01 17:15:00",0.5,291.0,9.0,-0.03,9.0,277.0,0.17,5278.0,564.0,18.5,258.0,0.1,9.0,277.0,0.6,4014.0,496.0,17.2,255.0,0.5,9.0,277.0,0.7,3639.0,497.0,16.5,255.0
"2025-04-01 17:30:00",0.5,280.0,9.0,-0.03,9.0,276.0,0.17,5801.0,592.0,20.0,276.0,0.2,9.0,276.0,0.5,4409.0,480.0,19.2,275.0,0.4,9.0,276.0,0.7,3931.0,508.0,17.8,275.0
"2025-04-01 17:45:00",0.5,287.0,9.0,0.0,9.0,276.0,0.18,5940.0,535.0,21.1,276.0,0.2,9.0,276.0,0.5,4925.0,435.0,21.1,274.0,0.4,9.0,276.0,0.6,3836.0,477.0,18.2,275.0
"2025-04-01 18:00:00",0.6,272.0,9.0,-0.01,9.0,276.0,0.17,5908.0,517.0,21.4,276.0,0.4,9.0,276.0,0.4,4917.0,438.0,21.0,272.0,0.5,9.0,276.0,0.7,3758.0,458.0,18.2,275.0
"2025-04-01 18:15:00",0.8,274.0,9.0,-0.03,9.0,277.0,0.16,5477.0,504.0,19.8,258.0,0.4,9.0,277.0,0.4,4691.0,416.0,19.9,258.0,0.7,9.0,277.0,0.6,3718.0,421.0,17.9,256.0
"2025-04-01 18:30:00",0.9,262.0,9.0,-0.05,9.0,274.0,0.15,5776.0,518.0,21.1,273.0,0.7,9.0,274.0,0.4,4834.0,463.0,20.3,272.0,0.6,9.0,274.0,0.5,3887.0,473.0,18.3,273.0
"2025-04-01 18:45:00",1.2,269.0,9.0,-0.06,9.0,274.0,0.15,5644.0,511.0,21.0,272.0,0.7,9.0,274.0,0.4,4790.0,464.0,20.2,274.0,0.9,9.0,274.0,0.6,3664.0,500.0,17.3,273.0
"2025-04-01 19:00:00",1.3,260.0,9.0,-0.07,9.0,274.0,0.15,5550.0,553.0,20.1,274.0,1.0,9.0,274.0,0.4,4644.0,504.0,19.2,270.0,0.9,9.0,274.0,0.6,3957.0,517.0,17.7,273.0
"2025-04-01 19:15:00",1.3,265.0,9.0,-0.1,9.0,276.0,0.19,5162.0,565.0,18.3,257.0,0.9,9.0,276.0,0.5,4303.0,483.0,17.9,257.0,1.0,9.0,276.0,0.6,3553.0,470.0,16.6,257.0
"2025-04-01 19:30:00",1.3,261.0,9.0,-0.08,9.0,274.0,0.18,5546.0,592.0,19.6,274.0,0.9,9.0,274.0,0.6,4559.0,558.0,18.3,269.0,0.9,9.0,274.0,0.6,3650.0,548.0,16.4,272.0
"2025-04-01 19:45:00",1.2,262.0,9.0,-0.08,9.0,274.0,0.19,5567.0,561.0,20.1,274.0,0.9,9.0,274.0,0.4,4616.0,505.0,19.2,273.0,0.9,9.0,274.0,0.6,3689.0,560.0,16.3,273.0
"2025-04-01 20:00:00",1.4,269.0,9.0,-0.12,9.0,274.0,0.15,5662.0,552.0,20.4,274.0,0.9,9.0,274.0,0.5,4557.0,502.0,19.1,274.0,1.1,9.0,274.0,0.6,3604.0,552.0,16.2,274.0
"2025-04-01 20:15:00",1.2,266.0,9.0,-0.1,9.0,276.0,0.17,5259.0,525.0,19.2,257.0,0.8,9.0,276.0,0.5,4426.0,464.0,18.5,257.0,0.9,9.0,276.0,0.5,3756.0,546.0,15.7,256.0
"2025-04-01 20:30:00",1.2,263.0,9.0,-0.1,9.0,274.0,0.17,5665.0,543.0,20.5,274.0,0.8,9.0,274.0,0.5,4716.0,486.0,19.7,273.0,0.9,9.0,274.0,0.5,4069.0,579.0,16.8,270.0
"2025-04-01 20:45:00",1.3,263.0,9.0,-0.1,9.0,274.0,0.16,5564.0,567.0,20.0,274.0,0.9,9.0,274.0,0.5,4717.0,513.0,19.2,274.0,0.9,9.0,274.0,0.5,3994.0,599.0,16.4,269.0
"2025-04-01 21:00:00",1.0,266.0,9.0,-0.06,9.0,273.0,0.17,5802.0,525.0,21.0,273.0,0.6,9.0,273.0,0.7,4218.0,514.0,18.2,272.0,0.7,9.0,273.0,0.7,3694.0,563.0,16.2,272.0
"2025-04-01 21:15:00",0.9,268.0,9.0,-0.03,9.0,277.0,0.17,5440.0,525.0,19.4,257.0,0.6,9.0,277.0,0.8,3829.0,557.0,15.8,255.0,0.7,9.0,277.0,0.8,3434.0,570.0,14.6,255.0
"2025-04-01 21:30:00",1.1,279.0,9.0,-0.05,9.0,274.0,0.14,6104.0,548.0,21.3,271.0,0.5,9.0,274.0,0.9,4275.0,658.0,16.3,273.0,0.9,9.0,274.0,0.9,3868.0,661.0,15.3,273.0
"2025-04-01 21:45:00",1.1,261.0,9.0,0.0,9.0,274.0,0.19,5655.0,636.0,19.2,270.0,0.8,9.0,274.0,1.4,4228.0,664.0,16.2,269.0,0.7,9.0,274.0,1.0,3932.0,683.0,15.3,271.0
"2025-04-01 22:00:00",0.6,299.0,9.0,0.02,9.0,273.0,0.15,5734.0,616.0,19.6,272.0,0.1,9.0,273.0,0.9,4257.0,632.0,16.6,268.0,0.6,9.0,273.0,1.2,3623.0,673.0,14.5,272.0
"2025-04-01 22:15:00",0.7,262.0,9.0,0.03,9.0,277.0,0.17,5262.0,603.0,18.2,255.0,0.5,9.0,277.0,0.9,3948.0,579.0,16.0,252.0,0.5,9.0,277.0,0.9,3506.0,621.0,14.5,253.0
"2025-04-01 22:30:00",0.9,263.0,9.0,0.03,9.0,273.0,0.2,5511.0,628.0,19.0,272.0,0.6,9.0,273.0,0.9,3926.0,597.0,16.3,271.0,0.6,9.0,273.0,0.9,3734.0,629.0,15.3,269.0
"2025-04-01 22:45:00",0.4,275.0,9.0,0.05,9.0,275.0,0.21,5563.0,668.0,18.6,275.0,0.2,9.0,275.0,0.7,4304.0,620.0,16.8,272.0,0.4,9.0,275.0,1.0,3614.0,655.0,14.7,270.0
"2025-04-01 23:00:00",0.5,270.0,9.0,0.03,9.0,274.0,0.21,5538.0,660.0,18.6,273.0,0.3,9.0,274.0,0.9,3945.0,589.0,16.4,269.0,0.4,9.0,274.0,1.1,3674.0,654.0,14.9,269.0
"2025-04-01 23:15:00",0.5,254.0,9.0,0.01,9.0,276.0,0.2,5102.0,609.0,17.6,257.0,0.4,9.0,276.0,0.8,3759.0,561.0,15.5,253.0,0.3,9.0,276.0,1.0,3143.0,590.0,13.7,253.0
"2025-04-01 23:30:00",0.3,262.0,9.0,0.04,9.0,273.0,0.24,5303.0,649.0,18.3,272.0,0.2,9.0,273.0,0.7,4255.0,586.0,17.2,270.0,0.2,9.0,273.0,1.0,3594.0,631.0,14.9,271.0
"2025-04-01 23:45:00",0.3,281.0,9.0,0.0,9.0,274.0,0.19,5474.0,593.0,19.4,272.0,0.1,9.0,274.0,0.7,4111.0,571.0,17.0,272.0,0.3,9.0,274.0,0.8,3449.0,623.0,14.7,269.0
"2025-04-02 00:00:00",0.6,294.0,9.0,-0.05,9.0,274.0,0.15,5646.0,547.0,20.4,274.0,0.2,9.0,274.0,0.5,4225.0,531.0,17.9,270.0,0.6,9.0,274.0,0.7,3516.0,601.0,15.1,271.0
"2025-04-02 00:15:00",0.6,280.0,9.0,-0.03,9.0,277.0,0.15,5435.0,500.0,19.7,256.0,0.3,9.0,277.0,0.7,3877.0,536.0,16.2,252.0,0.5,9.0,277.0,0.8,3272.0,560.0,14.5,253.0
"2025-04-02 00:30:00",0.6,283.0,9.0,-0.01,9.0,274.0,0.18,5444.0,576.0,19.6,274.0,0.2,9.0,274.0,0.6,4009.0,533.0,17.4,270.0,0.5,9.0,274.0,0.7,3497.0,585.0,15.4,271.0
"2025-04-02 00:45:00",0.7,290.0,9.0,-0.03,9.0,274.0,0.16,5582.0,555.0,20.2,273.0,0.2,9.0,274.0,0.6,4037.0,554.0,17.1,272.0,0.6,9.0,274.0,0.8,3322.0,611.0,14.6,272.0
"2025-04-02 01:00:00",0.7,289.0,9.0,-0.04,9.0,275.0,0.13,5635.0,563.0,20.1,272.0,0.2,9.0,275.0,0.7,3901.0,554.0,16.8,274.0,0.6,9.0,275.0,0.8,3468.0,596.0,15.2,274.0
"2025-04-02 01:15:00",0.8,22.0,9.0,0.01,9.0,276.0,0.14,5214.0,719.0,16.7,255.0,-0.8,9.0,276.0,4.6,3799.0,836.0,12.8,224.0,0.2,9.0,276.0,3.1,3428.0,910.0,11.4,216.0
"2025-04-02 01:30:00",0.7,276.0,9.0,-0.01,9.0,274.0,0.17,5840.0,767.0,17.9,271.0,0.4,9.0,274.0,0.9,4477.0,789.0,15.1,266.0,0.6,9.0,274.0,1.2,3878.0,875.0,13.1,268.0
"2025-04-02 01:45:00",0.8,269.0,9.0,0.02,9.0,274.0,0.15,5989.0,746.0,18.5,268.0,0.5,9.0,274.0,1.2,4506.0,885.0,14.4,255.0,0.6,9.0,274.0,1.3,4019.0,900.0,13.2,255.0
"2025-04-02 02:00:00",0.8,280.0,9.0,0.03,9.0,274.0,0.15,6272.0,561.0,21.2,271.0,0.4,9.0,274.0,0.9,4863.0,615.0,18.1,273.0,0.7,9.0,274.0,1.4,3969.0,681.0,15.3,273.0
"2025-04-02 02:15:00",1.0,261.0,9.0,0.05,9.0,277.0,0.18,5826.0,607.0,18.9,255.0,0.8,9.0,277.0,1.4,4515.0,676.0,15.9,252.0,0.7,9.0,277.0,1.4,4015.0,645.0,15.1,253.0
"2025-04-02 02:30:00",0.9,263.0,9.0,0.07,9.0,274.0,0.18,6222.0,634.0,20.2,273.0,0.6,9.0,274.0,1.0,4684.0,715.0,16.5,269.0,0.6,9.0,274.0,1.4,4335.0,729.0,15.6,269.0
"2025-04-02 02:45:00",0.9,262.0,9.0,0.07,9.0,274.0,0.18,6142.0,720.0,18.9,271.0,0.6,9.0,274.0,1.3,4644.0,810.0,15.3,266.0,0.6,9.0,274.0,1.4,4536.0,837.0,14.9,260.0
"2025-04-02 03:00:00",1.0,268.0,9.0,0.01,9.0,275.0,0.18,6101.0,817.0,17.7,272.0,0.7,9.0,275.0,1.3,4697.0,1014.0,13.4,263.0,0.8,9.0,275.0,1.5,4543.0,1020.0,13.0,263.0
"2025-04-02 03:15:00",0.6,272.0,9.0,0.1,9.0,277.0,0.17,5843.0,651.0,18.5,256.0,0.3,9.0,277.0,1.0,4797.0,730.0,15.9,255.0,0.5,9.0,277.0,1.2,4169.0,736.0,14.6,255.0
"2025-04-02 03:30:00",0.7,288.0,9.0,0.09,9.0,274.0,0.18,6479.0,591.0,21.1,273.0,0.3,9.0,274.0,0.7,5185.0,675.0,17.9,269.0,0.7,9.0,274.0,1.0,4627.0,673.0,16.8,272.0
"2025-04-02 03:45:00",0.3,180.0,9.0,0.18,9.0,275.0,0.14,6985.0,590.0,21.9,274.0,0.2,9.0,275.0,0.9,5446.0,677.0,18.2,273.0,-0.2,9.0,275.0,1.0,4618.0,669.0,16.7,275.0
"2025-04-02 04:00:00",0.4,107.0,9.0,0.22,9.0,274.0,0.16,6759.0,605.0,21.3,274.0,-0.2,9.0,274.0,0.8,5635.0,634.0,19.1,274.0,-0.4,9.0,274.0,1.0,4865.0,661.0,17.3,271.0
"2025-04-02 04:15:00",1.2,263.0,9.0,-0.01,9.0,276.0,0.21,5926.0,634.0,18.8,255.0,0.8,9.0,276.0,1.0,5064.0,661.0,16.9,254.0,0.9,9.0,276.0,1.0,4749.0,672.0,16.1,255.0
"2025-04-02 04:30:00",0.1,253.0,9.0,0.06,9.0,274.0,0.16,6185.0,691.0,19.3,274.0,0.1,9.0,274.0,0.8,4681.0,643.0,17.2,273.0,0.1,9.0,274.0,0.9,4362.0,657.0,16.3,274.0
"2025-04-02 04:45:00",0.5,133.0,9.0,0.08,9.0,274.0,0.18,5969.0,695.0,18.9,273.0,0.0,9.0,274.0,0.7,4647.0,594.0,17.8,274.0,-0.5,9.0,274.0,0.8,4283.0,592.0,17.1,273.0
"2025-04-02 05:00:00",0.8,133.0,9.0,0.09,9.0,273.0,0.12,6352.0,526.0,22.0,272.0,0.1,9.0,273.0,0.6,4303.0,527.0,18.2,273.0,-0.8,9.0,273.0,0.7,3958.0,537.0,17.2,273.0
"2025-04-02 05:15:00",0.5,100.0,9.0,0.13,9.0,276.0,0.2,5947.0,564.0,19.7,256.0,-0.2,9.0,276.0,0.8,4679.0,533.0,18.0,253.0,-0.4,9.0,276.0,0.9,3958.0,549.0,16.1,255.0
"2025-04-02 05:30:00",1.7,108.0,9.0,0.29,9.0,273.0,0.16,5938.0,765.0,17.9,273.0,-0.6,9.0,273.0,0.5,4573.0,582.0,17.8,273.0,-1.6,9.0,273.0,0.5,4350.0,526.0,18.3,273.0
"2025-04-02 05:45:00",1.2,104.0,9.0,0.24,9.0,274.0,0.17,5997.0,735.0,18.4,273.0,-0.5,9.0,274.0,0.6,4016.0,565.0,16.9,273.0,-1.1,9.0,274.0,0.6,4094.0,558.0,17.2,274.0
"2025-04-02 06:00:00",1.1,109.0,9.0,0.19,9.0,273.0,0.24,5659.0,779.0,17.3,273.0,-0.4,9.0,273.0,0.6,4127.0,561.0,17.2,273.0,-1.1,9.0,273.0,0.5,4416.0,516.0,18.7,272.0
"2025-04-02 06:15:00",0.5,115.0,9.0,0.15,9.0,276.0,0.18,5929.0,561.0,19.6,256.0,-0.1,9.0,276.0,0.8,4238.0,531.0,17.1,256.0,-0.5,9.0,276.0,0.8,3986.0,525.0,16.6,255.0
"2025-04-02 06:30:00",0.7,93.0,9.0,0.17,9.0,273.0,0.18,6083.0,665.0,19.5,272.0,-0.4,9.0,273.0,0.7,4698.0,607.0,17.7,273.0,-0.6,9.0,273.0,0.7,4643.0,520.0,18.9,273.0
"2025-04-02 06:45:00",0.9,111.0,9.0,0.06,9.0,273.0,0.18,6267.0,657.0,19.9,273.0,-0.3,9.0,273.0,0.6,4364.0,575.0,17.5,273.0,-0.9,9.0,273.0,0.6,4114.0,502.0,18.2,273.0
"2025-04-02 07:00:00",1.7,86.0,9.0,0.21,9.0,274.0,0.15,6241.0,767.0,18.4,274.0,-1.1,9.0,274.0,0.5,4805.0,578.0,18.4,274.0,-1.2,9.0,274.0,0.7,3757.0,556.0,16.5,273.0
"2025-04-02 07:15:00",1.1,70.0,9.0,0.2,9.0,275.0,0.15,6113.0,503.0,20.9,256.0,-0.9,9.0,275.0,0.6,4695.0,540.0,17.9,256.0,-0.6,9.0,275.0,0.8,3522.0,556.0,15.1,256.0
"2025-04-02 07:30:00",0.8,65.0,9.0,0.17,9.0,274.0,0.14,6597.0,642.0,20.6,273.0,-0.7,9.0,274.0,0.8,4861.0,768.0,16.3,268.0,-0.4,9.0,274.0,0.8,4174.0,776.0,14.7,272.0
"2025-04-02 07:45:00",0.6,85.0,9.0,0.19,9.0,275.0,0.09,6763.0,536.0,22.2,274.0,-0.4,9.0,275.0,0.6,4746.0,572.0,18.4,275.0,-0.4,9.0,275.0,0.6,4430.0,597.0,17.3,275.0
"2025-04-02 08:00:00",0.8,122.0,9.0,0.22,9.0,274.0,0.06,6885.0,480.0,23.3,273.0,-0.1,9.0,274.0,0.4,4355.0,512.0,18.6,273.0,-0.8,9.0,274.0,0.5,3937.0,572.0,16.7,274.0
"2025-04-02 08:15:00",0.7,117.0,9.0,0.11,9.0,275.0,0.12,6029.0,494.0,20.7,256.0,-0.1,9.0,275.0,0.5,4656.0,441.0,19.4,256.0,-0.7,9.0,275.0,0.6,3743.0,475.0,17.0,256.0
"2025-04-02 08:30:00",0.1,159.0,9.0,0.01,9.0,275.0,0.16,6211.0,572.0,20.9,275.0,0.1,9.0,275.0,0.7,4843.0,525.0,19.3,274.0,-0.1,9.0,275.0,0.7,4516.0,498.0,19.2,274.0
"2025-04-02 08:45:00",0.1,233.0,9.0,-0.08,9.0,274.0,0.14,6111.0,638.0,19.9,274.0,0.1,9.0,274.0,0.7,4257.0,541.0,17.8,273.0,0.0,9.0,274.0,0.8,4764.0,522.0,19.3,272.0
"2025-04-02 09:00:00",0.1,58.0,9.0,-0.16,9.0,274.0,0.16,6020.0,603.0,20.2,273.0,-0.1,9.0,274.0,0.9,4516.0,596.0,17.7,273.0,0.0,9.0,274.0,1.0,4202.0,617.0,16.7,274.0
"2025-04-02 09:15:00",0.2,312.0,9.0,-0.07,9.0,276.0,0.15,5498.0,630.0,18.2,256.0,0.0,9.0,276.0,0.8,4089.0,682.0,15.0,248.0,0.2,9.0,276.0,0.8,4004.0,661.0,15.2,246.0
"2025-04-02 09:30:00",0.3,287.0,9.0,0.02,9.0,274.0,0.14,6060.0,713.0,18.8,274.0,0.1,9.0,274.0,0.8,4210.0,920.0,13.3,263.0,0.3,9.0,274.0,0.9,3847.0,922.0,12.5,257.0
"2025-04-02 09:45:00",0.8,251.0,9.0,0.02,9.0,274.0,0.14,6196.0,660.0,19.7,274.0,0.6,9.0,274.0,1.1,4588.0,768.0,15.6,268.0,0.4,9.0,274.0,1.0,4485.0,697.0,16.3,268.0
"2025-04-02 10:00:00",0.6,270.0,9.0,-0.04,9.0,274.0,0.13,6117.0,595.0,20.5,273.0,0.4,9.0,274.0,0.9,4347.0,591.0,17.3,271.0,0.5,9.0,274.0,0.9,4252.0,575.0,17.4,273.0
"2025-04-02 10:15:00",0.5,273.0,9.0,-0.07,9.0,276.0,0.12,5718.0,573.0,19.4,256.0,0.3,9.0,276.0,0.8,3956.0,550.0,16.4,254.0,0.5,9.0,276.0,0.7,4148.0,480.0,18.0,253.0
"2025-04-02 10:30:00",0.4,276.0,9.0,-0.04,9.0,274.0,0.15,6116.0,556.0,21.1,274.0,0.2,9.0,274.0,0.6,3950.0,552.0,17.0,272.0,0.4,9.0,274.0,0.6,4397.0,433.0,20.1,274.0
"2025-04-02 10:45:00",0.7,258.0,9.0,-0.12,9.0,275.0,0.15,6011.0,595.0,20.3,273.0,0.6,9.0,275.0,0.6,4155.0,525.0,18.0,272.0,0.5,9.0,275.0,0.6,4473.0,497.0,19.1,271.0
"2025-04-02 11:00:00",0.9,253.0,9.0,-0.13,9.0,274.0,0.16,5962.0,643.0,19.6,271.0,0.8,9.0,274.0,0.8,4591.0,559.0,18.3,274.0,0.5,9.0,274.0,0.8,4597.0,575.0,18.2,269.0
"2025-04-02 11:15:00",0.6,284.0,9.0,-0.12,9.0,276.0,0.2,5374.0,664.0,17.4,251.0,0.2,9.0,276.0,1.2,4560.0,594.0,17.0,254.0,0.5,9.0,276.0,1.0,4363.0,582.0,16.7,251.0
"2025-04-02 11:30:00",0.8,260.0,9.0,-0.04,9.0,274.0,0.22,5912.0,724.0,18.5,272.0,0.6,9.0,274.0,0.9,4665.0,578.0,18.2,269.0,0.5,9.0,274.0,0.8,4685.0,602.0,17.9,270.0
"2025-04-02 11:45:00",0.5,277.0,9.0,-0.07,9.0,275.0,0.18,5989.0,670.0,19.3,273.0,0.3,9.0,275.0,0.8,4989.0,615.0,18.4,270.0,0.5,9.0,275.0,1.0,4584.0,642.0,17.1,272.0
"2025-04-02 12:00:00",0.6,291.0,9.0,0.03,9.0,275.0,0.38,5677.0,842.0,16.9,273.0,0.2,9.0,275.0,1.6,5214.0,727.0,17.4,270.0,0.6,9.0,275.0,1.3,5472.0,767.0,17.4,272.0
"2025-04-02 12:15:00",1.0,306.0,9.0,-0.02,9.0,278.0,0.28,5446.0,739.0,16.8,253.0,0.0,9.0,278.0,1.5,4684.0,703.0,15.9,257.0,1.0,9.0,278.0,1.3,4835.0,720.0,16.0,253.0
"2025-04-02 12:30:00",0.7,297.0,9.0,-0.06,9.0,276.0,0.2,6045.0,717.0,18.8,276.0,0.1,9.0,276.0,1.0,4743.0,640.0,17.8,270.0,0.7,9.0,276.0,1.0,4429.0,697.0,16.3,271.0
"2025-04-02 12:45:00",0.8,263.0,9.0,-0.05,9.0,276.0,0.22,6016.0,759.0,18.3,271.0,0.6,9.0,276.0,1.0,4812.0,591.0,18.4,271.0,0.6,9.0,276.0,1.1,4573.0,632.0,17.4,271.0
"2025-04-02 13:00:00",0.7,292.0,9.0,-0.1,9.0,274.0,0.19,5815.0,732.0,18.2,273.0,0.2,9.0,274.0,1.3,4504.0,737.0,15.9,270.0,0.7,9.0,274.0,1.0,4166.0,742.0,15.1,269.0
"2025-04-02 13:15:00",1.1,301.0,9.0,-0.03,9.0,276.0,0.21,5566.0,702.0,17.3,252.0,0.1,9.0,276.0,1.2,4600.0,617.0,16.6,251.0,1.1,9.0,276.0,1.2,4582.0,707.0,15.6,251.0
"2025-04-02 13:30:00",1.1,257.0,9.0,-0.06,9.0,276.0,0.17,6037.0,729.0,18.6,274.0,0.9,9.0,276.0,1.1,4477.0,716.0,16.1,269.0,0.7,9.0,276.0,1.0,4313.0,724.0,15.7,271.0
"2025-04-02 13:45:00",0.9,251.0,9.0,-0.06,9.0,276.0,0.16,6199.0,663.0,19.8,274.0,0.8,9.0,276.0,1.0,4673.0,692.0,16.8,271.0,0.5,9.0,276.0,0.8,4219.0,649.0,16.4,271.0
"2025-04-02 14:00:00",0.9,250.0,9.0,-0.05,9.0,274.0,0.26,6185.0,739.0,18.8,269.0,0.8,9.0,274.0,1.2,5124.0,613.0,18.6,272.0,0.5,9.0,274.0,1.0,5165.0,692.0,17.6,273.0
"2025-04-02 14:15:00",1.2,303.0,9.0,-0.06,9.0,276.0,0.22,5688.0,729.0,17.5,254.0,0.1,9.0,276.0,1.4,4682.0,671.0,16.3,256.0,1.2,9.0,276.0,1.2,4858.0,707.0,16.4,257.0
"2025-04-02 14:30:00",1.1,299.0,9.0,-0.1,9.0,276.0,0.2,6202.0,672.0,19.6,275.0,0.2,9.0,276.0,1.2,4755.0,646.0,17.6,272.0,1.1,9.0,276.0,1.1,4704.0,697.0,16.8,274.0
"2025-04-02 14:45:00",1.1,290.0,9.0,-0.11,9.0,276.0,0.19,5968.0,743.0,18.4,271.0,0.4,9.0,276.0,1.2,4726.0,682.0,17.2,270.0,1.1,9.0,276.0,1.1,4654.0,711.0,16.6,271.0
"2025-04-02 15:00:00",1.3,286.0,9.0,-0.08,9.0,275.0,0.25,5914.0,796.0,17.7,270.0,0.5,9.0,275.0,1.5,4908.0,745.0,16.7,270.0,1.2,9.0,275.0,1.5,4915.0,777.0,16.3,270.0
"2025-04-02 15:15:00",1.2,277.0,9.0,-0.1,9.0,278.0,0.2,5271.0,768.0,16.1,253.0,0.6,9.0,278.0,1.8,4181.0,712.0,15.0,252.0,1.0,9.0,278.0,1.4,4207.0,721.0,14.8,251.0
"2025-04-02 15:30:00",1.0,274.0,9.0,-0.12,9.0,276.0,0.22,5657.0,748.0,17.8,274.0,0.6,9.0,276.0,1.6,4339.0,682.0,16.3,270.0,0.8,9.0,276.0,1.1,4340.0,693.0,16.1,271.0
"2025-04-02 15:45:00",0.9,296.0,9.0,-0.08,9.0,276.0,0.19,5823.0,716.0,18.5,274.0,0.2,9.0,276.0,1.3,4489.0,637.0,17.3,271.0,0.8,9.0,276.0,0.9,4253.0,671.0,16.2,270.0
"2025-04-02 16:00:00",1.5,254.0,9.0,-0.07,9.0,275.0,0.17,6241.0,720.0,19.3,271.0,1.2,9.0,275.0,1.9,4666.0,709.0,16.7,270.0,0.9,9.0,275.0,1.6,4655.0,727.0,16.4,270.0
"2025-04-02 16:15:00",1.3,255.0,9.0,-0.05,9.0,278.0,0.18,5686.0,675.0,17.8,257.0,1.0,9.0,278.0,1.4,4120.0,623.0,15.9,253.0,0.8,9.0,278.0,1.4,4131.0,628.0,15.8,253.0
"2025-04-02 16:30:00",0.9,262.0,9.0,-0.05,9.0,276.0,0.19,6268.0,664.0,19.8,274.0,0.6,9.0,276.0,1.1,4422.0,613.0,17.3,271.0,0.6,9.0,276.0,1.2,4381.0,613.0,17.3,271.0
"2025-04-02 16:45:00",1.0,305.0,9.0,-0.07,9.0,275.0,0.18,6149.0,703.0,19.3,272.0,0.0,9.0,275.0,1.3,4552.0,705.0,16.4,270.0,1.0,9.0,275.0,1.3,4266.0,688.0,16.1,270.0
"2025-04-02 17:00:00",0.9,281.0,9.0,-0.02,9.0,276.0,0.16,6202.0,614.0,20.4,275.0,0.4,9.0,276.0,0.9,4673.0,570.0,18.7,271.0,0.8,9.0,276.0,1.0,3965.0,606.0,16.4,271.0
"2025-04-02 17:15:00",0.3,292.0,9.0,0.01,9.0,278.0,0.17,5917.0,527.0,20.0,258.0,0.1,9.0,278.0,0.7,4273.0,478.0,18.0,255.0,0.3,9.0,278.0,0.8,3679.0,488.0,16.7,255.0
"2025-04-02 17:30:00",0.5,272.0,9.0,0.01,9.0,274.0,0.14,6092.0,545.0,21.2,273.0,0.3,9.0,274.0,0.5,4440.0,463.0,19.7,273.0,0.4,9.0,274.0,0.8,3466.0,502.0,16.8,273.0
"2025-04-02 17:45:00",0.1,301.0,9.0,0.06,9.0,274.0,0.14,5891.0,601.0,19.9,274.0,0.0,9.0,274.0,0.5,4653.0,459.0,20.1,274.0,0.1,9.0,274.0,0.6,3503.0,470.0,17.4,271.0
"2025-04-02 18:00:00",0.2,209.0,9.0,0.09,9.0,274.0,0.15,5791.0,561.0,20.4,274.0,0.2,9.0,274.0,0.5,4594.0,466.0,19.9,274.0,0.0,9.0,274.0,0.6,3440.0,504.0,16.6,271.0
"2025-04-02 18:15:00",0.5,258.0,9.0,0.06,9.0,276.0,0.14,5328.0,527.0,19.1,256.0,0.4,9.0,276.0,0.4,4216.0,424.0,18.9,256.0,0.3,9.0,276.0,0.5,3319.0,464.0,16.1,256.0
"2025-04-02 18:30:00",0.5,261.0,9.0,0.0,9.0,274.0,0.15,5878.0,539.0,20.9,274.0,0.4,9.0,274.0,0.5,4384.0,471.0,19.3,274.0,0.4,9.0,274.0,0.6,3401.0,520.0,16.3,272.0
"2025-04-02 18:45:00",0.9,264.0,9.0,-0.06,9.0,274.0,0.14,6080.0,583.0,20.5,274.0,0.6,9.0,274.0,0.7,4143.0,646.0,16.3,271.0,0.7,9.0,274.0,0.7,3644.0,659.0,14.9,269.0
"2025-04-02 19:00:00",0.9,267.0,9.0,0.0,9.0,274.0,0.16,6227.0,590.0,20.7,273.0,0.6,9.0,274.0,0.9,4710.0,615.0,17.7,272.0,0.7,9.0,274.0,1.1,4240.0,587.0,17.2,273.0
"2025-04-02 19:15:00",0.7,250.0,9.0,-0.01,9.0,276.0,0.16,5588.0,555.0,19.4,257.0,0.6,9.0,276.0,0.7,4173.0,510.0,17.3,254.0,0.4,9.0,276.0,0.9,3675.0,554.0,15.5,254.0
"2025-04-02 19:30:00",0.5,249.0,9.0,0.01,9.0,274.0,0.2,5606.0,645.0,19.0,274.0,0.4,9.0,274.0,0.6,4440.0,537.0,18.4,274.0,0.2,9.0,274.0,0.8,3790.0,566.0,16.4,274.0
"2025-04-02 19:45:00",0.5,254.0,9.0,0.04,9.0,274.0,0.14,6563.0,594.0,21.1,272.0,0.4,9.0,274.0,0.8,4964.0,588.0,18.6,269.0,0.3,9.0,274.0,1.0,4674.0,636.0,17.3,272.0
"2025-04-02 20:00:00",0.9,252.0,9.0,0.03,9.0,274.0,0.21,6289.0,706.0,19.3,272.0,0.8,9.0,274.0,1.2,4954.0,693.0,17.2,269.0,0.5,9.0,274.0,1.2,4716.0,693.0,16.7,273.0
"2025-04-02 20:15:00",0.7,226.0,9.0,0.01,9.0,276.0,0.16,5853.0,647.0,18.4,255.0,0.7,9.0,276.0,1.2,3854.0,611.0,15.2,254.0,0.1,9.0,276.0,1.2,3422.0,588.0,14.6,257.0
"2025-04-02 20:30:00",1.0,232.0,9.0,0.02,9.0,274.0,0.14,6444.0,669.0,20.0,273.0,1.0,9.0,274.0,1.1,4365.0,780.0,15.1,270.0,0.2,9.0,274.0,1.0,3908.0,757.0,14.2,272.0
"2025-04-02 20:45:00",1.1,241.0,9.0,0.07,9.0,273.0,0.14,6941.0,556.0,22.3,271.0,1.0,9.0,273.0,1.3,4893.0,754.0,16.4,273.0,0.4,9.0,273.0,1.3,4638.0,705.0,16.5,272.0
"2025-04-02 21:00:00",1.0,242.0,9.0,0.0,9.0,275.0,0.17,6410.0,633.0,20.4,275.0,0.9,9.0,275.0,1.2,4734.0,663.0,17.1,274.0,0.4,9.0,275.0,1.1,4518.0,674.0,16.6,274.0
"2025-04-02 21:15:00",0.7,254.0,9.0,0.0,9.0,276.0,0.16,5734.0,618.0,18.6,256.0,0.6,9.0,276.0,0.9,4224.0,590.0,16.3,256.0,0.4,9.0,276.0,1.1,3765.0,577.0,15.5,255.0
"2025-04-02 21:30:00",0.8,238.0,9.0,-0.02,9.0,274.0,0.19,6179.0,698.0,19.3,274.0,0.7,9.0,274.0,0.8,4568.0,606.0,17.5,274.0,0.3,9.0,274.0,0.8,4606.0,614.0,17.5,270.0
"2025-04-02 21:45:00",0.5,221.0,9.0,0.01,9.0,274.0,0.18,6272.0,710.0,19.3,273.0,0.5,9.0,274.0,0.7,4602.0,616.0,17.4,271.0,0.0,9.0,274.0,0.8,4350.0,587.0,17.3,274.0
"2025-04-02 22:00:00",0.4,231.0,9.0,0.02,9.0,274.0,0.16,6306.0,634.0,20.2,273.0,0.4,9.0,274.0,0.7,4640.0,580.0,18.0,273.0,0.1,9.0,274.0,0.7,4576.0,560.0,18.2,269.0
"2025-04-02 22:15:00",0.4,260.0,9.0,0.02,9.0,276.0,0.15,5922.0,637.0,18.7,253.0,0.3,9.0,276.0,0.6,4210.0,543.0,16.8,257.0,0.3,9.0,276.0,0.7,3903.0,499.0,16.9,257.0
"2025-04-02 22:30:00",0.2,239.0,9.0,0.06,9.0,273.0,0.11,6665.0,524.0,22.7,273.0,0.2,9.0,273.0,0.5,4509.0,561.0,18.0,271.0,0.1,9.0,273.0,0.6,3912.0,511.0,17.7,273.0
"2025-04-02 22:45:00",0.3,266.0,9.0,0.06,9.0,274.0,0.11,6704.0,562.0,22.0,271.0,0.2,9.0,274.0,0.9,4278.0,756.0,15.2,263.0,0.2,9.0,274.0,0.9,3941.0,745.0,14.7,270.0
"2025-04-02 23:00:00",0.6,249.0,9.0,0.1,9.0,274.0,0.1,6888.0,577.0,21.8,271.0,0.5,9.0,274.0,0.9,4310.0,925.0,13.3,269.0,0.3,9.0,274.0,0.9,4210.0,932.0,13.0,266.0
"2025-04-02 23:15:00",0.5,231.0,9.0,0.15,9.0,276.0,0.1,6573.0,485.0,21.8,252.0,0.5,9.0,276.0,0.9,4950.0,611.0,17.4,253.0,0.1,9.0,276.0,0.9,4628.0,617.0,16.8,254.0
"2025-04-02 23:30:00",0.3,202.0,9.0,0.12,9.0,274.0,0.16,6954.0,598.0,21.7,274.0,0.3,9.0,274.0,0.8,4979.0,608.0,18.4,273.0,-0.1,9.0,274.0,0.9,4608.0,579.0,18.0,273.0
"2025-04-02 23:45:00",0.2,270.0,9.0,0.07,9.0,274.0,0.12,6766.0,545.0,22.3,272.0,0.1,9.0,274.0,0.7,3939.0,515.0,17.4,274.0,0.2,9.0,274.0,0.6,4373.0,468.0,19.4,273.0
"2025-04-03 00:00:00",0.4,171.0,9.0,0.16,9.0,274.0,0.07,7228.0,379.0,25.8,274.0,0.3,9.0,274.0,0.5,5067.0,485.0,20.4,271.0,-0.3,9.0,274.0,0.6,4189.0,480.0,18.8,272.0
"2025-04-03 00:15:00",0.8,158.0,9.0,0.17,9.0,276.0,0.06,6699.0,373.0,23.8,256.0,0.4,9.0,276.0,0.4,4514.0,469.0,18.5,256.0,-0.7,9.0,276.0,0.5,4308.0,417.0,19.2,256.0
"2025-04-03 00:30:00",0.8,157.0,9.0,0.18,9.0,275.0,0.06,7219.0,381.0,25.6,275.0,0.4,9.0,275.0,0.4,5072.0,516.0,19.8,274.0,-0.7,9.0,275.0,0.4,4546.0,499.0,19.2,275.0
"2025-04-03 00:45:00",0.9,174.0,9.0,0.17,9.0,274.0,0.07,7269.0,374.0,25.9,274.0,0.6,9.0,274.0,0.4,4921.0,487.0,20.1,274.0,-0.6,9.0,274.0,0.4,4422.0,433.0,20.2,274.0
"2025-04-03 01:00:00",0.8,177.0,9.0,0.18,9.0,274.0,0.06,7241.0,368.0,26.0,274.0,0.6,9.0,274.0,0.4,4914.0,497.0,19.9,274.0,-0.5,9.0,274.0,0.4,4473.0,448.0,20.0,274.0
"2025-04-03 01:15:00",0.8,175.0,9.0,0.18,9.0,277.0,0.06,6718.0,345.0,24.5,256.0,0.6,9.0,277.0,0.4,4609.0,470.0,18.8,256.0,-0.5,9.0,277.0,0.5,4313.0,428.0,19.0,257.0
"2025-04-03 01:30:00",0.3,154.0,9.0,0.19,9.0,274.0,0.07,7201.0,386.0,25.5,274.0,0.2,9.0,274.0,0.6,5160.0,574.0,19.2,270.0,-0.3,9.0,274.0,0.6,4628.0,518.0,19.1,274.0
"2025-04-03 01:45:00",0.2,201.0,9.0,0.14,9.0,274.0,0.07,7187.0,370.0,25.9,274.0,0.1,9.0,274.0,0.5,5089.0,516.0,19.9,274.0,0.0,9.0,274.0,0.6,4209.0,485.0,18.8,274.0
"2025-04-03 02:00:00",0.6,179.0,9.0,0.16,9.0,275.0,0.05,7240.0,376.0,25.8,274.0,0.5,9.0,275.0,0.5,4812.0,545.0,18.9,274.0,-0.4,9.0,275.0,0.4,4712.0,496.0,19.6,274.0
"2025-04-03 02:15:00",0.7,173.0,9.0,0.15,9.0,276.0,0.05,6744.0,374.0,24.0,257.0,0.5,9.0,276.0,0.3,4698.0,484.0,18.7,257.0,-0.5,9.0,276.0,0.4,4013.0,465.0,17.8,256.0
"2025-04-03 02:30:00",0.9,176.0,9.0,0.18,9.0,274.0,0.05,7178.0,366.0,25.9,271.0,0.6,9.0,274.0,0.3,4815.0,515.0,19.4,274.0,-0.6,9.0,274.0,0.4,4358.0,447.0,19.8,274.0
"2025-04-03 02:45:00",1.0,131.0,9.0,0.25,9.0,274.0,0.07,6821.0,419.0,24.3,273.0,0.0,9.0,274.0,0.5,4062.0,577.0,16.8,274.0,-1.0,9.0,274.0,0.4,4210.0,469.0,19.0,273.0
"2025-04-03 03:00:00",0.9,134.0,9.0,0.25,9.0,275.0,0.07,6847.0,415.0,24.4,274.0,0.1,9.0,275.0,0.6,3871.0,605.0,16.0,274.0,-0.9,9.0,275.0,0.3,4276.0,445.0,19.7,273.0
"2025-04-03 03:15:00",0.6,133.0,9.0,0.25,9.0,276.0,0.06,6529.0,417.0,22.8,257.0,0.1,9.0,276.0,0.6,4020.0,550.0,16.4,257.0,-0.6,9.0,276.0,0.4,4090.0,444.0,18.2,255.0
"2025-04-03 03:30:00",0.6,112.0,9.0,0.24,9.0,274.0,0.05,6865.0,465.0,23.6,274.0,-0.2,9.0,274.0,0.7,4184.0,606.0,16.7,274.0,-0.6,9.0,274.0,0.5,4149.0,497.0,18.4,273.0
"2025-04-03 03:45:00",0.7,106.0,9.0,0.26,9.0,275.0,0.05,7027.0,424.0,24.6,275.0,-0.3,9.0,275.0,0.6,3840.0,592.0,16.2,275.0,-0.6,9.0,275.0,0.3,4451.0,490.0,19.2,275.0
"2025-04-03 04:00:00",0.5,102.0,9.0,0.23,9.0,274.0,0.06,6652.0,564.0,21.6,273.0,-0.2,9.0,274.0,0.6,3840.0,607.0,15.9,274.0,-0.5,9.0,274.0,0.4,4016.0,494.0,18.2,274.0
"2025-04-03 04:15:00",1.4,81.0,9.0,0.33,9.0,277.0,0.1,6152.0,581.0,19.6,257.0,-1.1,9.0,277.0,0.8,3668.0,608.0,14.7,256.0,-1.0,9.0,277.0,0.5,4332.0,466.0,18.3,256.0
"2025-04-03 04:30:00",1.5,83.0,9.0,0.33,9.0,274.0,0.09,6716.0,500.0,22.8,274.0,-1.0,9.0,274.0,0.7,3944.0,652.0,15.5,274.0,-1.0,9.0,274.0,0.5,4049.0,478.0,18.5,273.0
"2025-04-03 04:45:00",1.9,84.0,9.0,0.35,9.0,274.0,0.08,6545.0,570.0,21.3,274.0,-1.3,9.0,274.0,0.7,3538.0,627.0,14.8,274.0,-1.3,9.0,274.0,0.4,4104.0,480.0,18.7,274.0
"2025-04-03 05:00:00",2.1,70.0,9.0,0.31,9.0,273.0,0.1,6017.0,754.0,18.2,272.0,-1.8,9.0,273.0,0.4,3469.0,554.0,15.8,272.0,-1.1,9.0,273.0,0.3,4135.0,406.0,20.2,272.0
"2025-04-03 05:15:00",1.4,71.0,9.0,0.24,9.0,275.0,0.11,5631.0,660.0,17.8,256.0,-1.2,9.0,275.0,0.6,3807.0,518.0,16.4,256.0,-0.8,9.0,275.0,0.5,4094.0,431.0,18.6,255.0
"2025-04-03 05:30:00",0.5,52.0,9.0,0.1,9.0,274.0,0.09,6442.0,535.0,21.7,273.0,-0.4,9.0,274.0,0.6,4503.0,556.0,18.1,273.0,-0.1,9.0,274.0,0.6,4365.0,517.0,18.6,274.0
"2025-04-03 05:45:00",0.5,43.0,9.0,0.08,9.0,273.0,0.08,6585.0,489.0,22.6,273.0,-0.5,9.0,273.0,0.5,4527.0,543.0,18.4,270.0,0.0,9.0,273.0,0.6,4236.0,537.0,17.9,273.0
"2025-04-03 06:00:00",0.4,67.0,9.0,0.1,9.0,273.0,0.09,6676.0,535.0,22.0,273.0,-0.4,9.0,273.0,0.5,4897.0,566.0,18.8,272.0,-0.2,9.0,273.0,0.7,4466.0,572.0,17.8,273.0
"2025-04-03 06:15:00",0.7,34.0,9.0,0.08,9.0,276.0,0.07,6069.0,517.0,20.4,256.0,-0.7,9.0,276.0,0.3,4282.0,448.0,18.5,253.0,0.0,9.0,276.0,0.5,3966.0,514.0,16.7,256.0
"2025-04-03 06:30:00",0.8,28.0,9.0,0.09,9.0,273.0,0.08,6444.0,552.0,21.4,272.0,-0.8,9.0,273.0,0.3,4470.0,467.0,19.6,271.0,0.1,9.0,273.0,0.5,4602.0,542.0,18.6,271.0
"2025-04-03 06:45:00",0.8,54.0,9.0,0.13,9.0,273.0,0.11,6245.0,608.0,20.4,273.0,-0.8,9.0,273.0,0.5,4588.0,486.0,19.4,270.0,-0.2,9.0,273.0,0.5,4332.0,499.0,18.7,272.0
"2025-04-03 07:00:00",1.4,60.0,9.0,0.2,9.0,274.0,0.13,6558.0,580.0,21.2,274.0,-1.3,9.0,274.0,0.4,3717.0,520.0,17.0,274.0,-0.5,9.0,274.0,0.4,4079.0,484.0,18.5,274.0
"2025-04-03 07:15:00",1.1,55.0,9.0,0.19,9.0,275.0,0.08,5992.0,506.0,20.5,256.0,-1.1,9.0,275.0,0.4,3811.0,502.0,16.7,256.0,-0.3,9.0,275.0,0.3,4341.0,451.0,18.6,256.0
"2025-04-03 07:30:00",0.7,52.0,9.0,0.12,9.0,274.0,0.09,6280.0,575.0,20.9,274.0,-0.6,9.0,274.0,0.5,4232.0,481.0,18.8,274.0,-0.2,9.0,274.0,0.4,4699.0,488.0,19.7,274.0
"2025-04-03 07:45:00",0.7,70.0,9.0,0.19,9.0,274.0,0.09,6473.0,555.0,21.6,274.0,-0.6,9.0,274.0,0.6,4163.0,544.0,17.6,273.0,-0.4,9.0,274.0,0.4,4851.0,491.0,19.9,272.0
"2025-04-03 08:00:00",0.6,65.0,9.0,0.15,9.0,274.0,0.1,6339.0,537.0,21.7,274.0,-0.5,9.0,274.0,0.6,4117.0,535.0,17.6,274.0,-0.3,9.0,274.0,0.5,4625.0,497.0,19.3,273.0
"2025-04-03 08:15:00",0.4,93.0,9.0,0.13,9.0,276.0,0.11,5994.0,519.0,20.2,256.0,-0.2,9.0,276.0,0.7,3821.0,511.0,16.5,255.0,-0.3,9.0,276.0,0.5,4271.0,478.0,18.0,255.0
"2025-04-03 08:30:00",0.0,154.0,9.0,0.06,9.0,275.0,0.12,6247.0,543.0,21.5,275.0,0.0,9.0,275.0,0.9,3989.0,544.0,17.2,274.0,0.0,9.0,275.0,0.5,4364.0,482.0,19.1,275.0
"2025-04-03 08:45:00",0.3,313.0,9.0,0.02,9.0,274.0,0.14,6190.0,562.0,21.1,274.0,0.0,9.0,274.0,0.6,4114.0,504.0,18.0,269.0,0.3,9.0,274.0,0.6,4440.0,511.0,18.7,274.0
"2025-04-03 09:00:00",0.2,324.0,9.0,0.0,9.0,273.0,0.14,6085.0,572.0,20.8,273.0,0.0,9.0,273.0,0.6,4315.0,514.0,18.4,271.0,0.2,9.0,273.0,0.4,4232.0,482.0,18.7,271.0
"2025-04-03 09:15:00",0.5,231.0,9.0,0.02,9.0,276.0,0.14,5798.0,594.0,19.0,256.0,0.4,9.0,276.0,0.8,4120.0,491.0,17.4,256.0,0.1,9.0,276.0,0.7,3900.0,470.0,17.3,256.0
"2025-04-03 09:30:00",0.3,288.0,9.0,-0.04,9.0,274.0,0.15,6181.0,602.0,20.5,274.0,0.1,9.0,274.0,0.8,4301.0,540.0,18.0,272.0,0.3,9.0,274.0,0.7,4113.0,538.0,17.6,272.0
"2025-04-03 09:45:00",0.4,279.0,9.0,-0.14,9.0,274.0,0.18,6299.0,667.0,19.8,273.0,0.2,9.0,274.0,0.9,4545.0,573.0,18.0,274.0,0.4,9.0,274.0,0.9,4673.0,660.0,17.0,272.0
"2025-04-03 10:00:00",0.2,309.0,9.0,-0.05,9.0,274.0,0.23,6071.0,734.0,18.6,272.0,0.0,9.0,274.0,1.0,5034.0,609.0,18.4,271.0,0.2,9.0,274.0,0.9,5418.0,661.0,18.4,274.0
"2025-04-03 10:15:00",0.4,293.0,9.0,-0.06,9.0,276.0,0.22,5484.0,649.0,17.7,254.0,0.1,9.0,276.0,1.1,4254.0,526.0,17.2,255.0,0.3,9.0,276.0,0.9,4661.0,590.0,17.1,256.0
"2025-04-03 10:30:00",0.4,24.0,9.0,-0.09,9.0,275.0,0.22,5729.0,690.0,18.6,270.0,-0.4,9.0,275.0,1.2,4675.0,605.0,17.8,275.0,0.1,9.0,275.0,1.1,5093.0,685.0,17.5,274.0
"2025-04-03 10:45:00",0.3,310.0,9.0,-0.07,9.0,275.0,0.24,5672.0,663.0,18.8,274.0,0.0,9.0,275.0,1.0,4573.0,534.0,18.8,272.0,0.3,9.0,275.0,0.9,5074.0,631.0,18.2,271.0
"2025-04-03 11:00:00",0.4,55.0,9.0,0.08,9.0,276.0,0.33,5618.0,749.0,17.7,275.0,-0.4,9.0,276.0,1.5,4848.0,625.0,17.9,274.0,-0.1,9.0,276.0,1.2,5429.0,702.0,18.0,275.0
"2025-04-03 11:15:00",0.4,16.0,9.0,-0.01,9.0,278.0,0.27,5106.0,635.0,17.4,254.0,-0.4,9.0,278.0,1.5,4298.0,550.0,17.1,258.0,0.2,9.0,278.0,1.0,4934.0,591.0,17.7,256.0
"2025-04-03 11:30:00",0.5,292.0,9.0,-0.07,9.0,276.0,0.21,5550.0,663.0,18.6,272.0,0.1,9.0,276.0,1.0,4556.0,505.0,19.2,274.0,0.5,9.0,276.0,0.8,5178.0,611.0,18.7,275.0
"2025-04-03 11:45:00",0.3,320.0,9.0,-0.12,9.0,276.0,0.23,5582.0,687.0,18.4,271.0,-0.1,9.0,276.0,1.2,4634.0,530.0,18.9,276.0,0.3,9.0,276.0,1.0,5124.0,661.0,18.0,275.0
"2025-04-03 12:00:00",0.3,52.0,9.0,-0.03,9.0,276.0,0.31,5611.0,678.0,18.5,275.0,-0.3,9.0,276.0,1.0,4586.0,577.0,18.1,273.0,-0.1,9.0,276.0,1.1,5384.0,686.0,18.2,276.0
"2025-04-03 12:15:00",0.7,25.0,9.0,0.03,9.0,278.0,0.3,4880.0,699.0,16.2,255.0,-0.6,9.0,278.0,1.4,4169.0,559.0,16.6,257.0,0.1,9.0,278.0,1.0,4990.0,591.0,17.8,257.0
"2025-04-03 12:30:00",0.5,350.0,9.0,-0.02,9.0,277.0,0.26,5494.0,718.0,17.9,272.0,-0.3,9.0,277.0,1.2,4459.0,552.0,18.2,273.0,0.4,9.0,277.0,0.8,5307.0,586.0,19.3,275.0
"2025-04-03 12:45:00",0.3,351.0,9.0,-0.07,9.0,276.0,0.21,5907.0,636.0,19.6,274.0,-0.2,9.0,276.0,1.0,4202.0,508.0,18.4,274.0,0.2,9.0,276.0,0.9,4635.0,591.0,18.0,273.0
"2025-04-03 13:00:00",0.5,29.0,9.0,-0.05,9.0,276.0,0.3,5451.0,757.0,17.3,271.0,-0.5,9.0,276.0,1.4,4608.0,642.0,17.3,274.0,0.1,9.0,276.0,1.1,5251.0,708.0,17.7,272.0
"2025-04-03 13:15:00",0.9,43.0,9.0,0.02,9.0,279.0,0.4,5154.0,761.0,16.0,258.0,-0.9,9.0,279.0,1.6,4674.0,653.0,16.4,258.0,-0.1,9.0,279.0,1.3,5167.0,688.0,16.9,258.0
"2025-04-03 13:30:00",0.8,65.0,9.0,0.1,9.0,277.0,0.5,5461.0,810.0,16.8,277.0,-0.7,9.0,277.0,1.9,4975.0,727.0,16.7,277.0,-0.4,9.0,277.0,1.2,5529.0,711.0,18.2,274.0
"2025-04-03 13:45:00",1.0,18.0,9.0,-0.08,9.0,276.0,0.28,5455.0,748.0,17.4,276.0,-0.9,9.0,276.0,1.5,4668.0,673.0,17.0,276.0,0.3,9.0,276.0,1.0,5442.0,672.0,18.5,274.0
"2025-04-03 14:00:00",0.7,46.0,9.0,0.11,9.0,277.0,0.4,5304.0,788.0,16.8,275.0,-0.7,9.0,277.0,1.6,4720.0,639.0,17.4,277.0,-0.1,9.0,277.0,1.0,5551.0,639.0,19.1,274.0
"2025-04-03 14:15:00",0.6,11.0,9.0,-0.1,9.0,278.0,0.27,4842.0,673.0,16.3,255.0,-0.5,9.0,278.0,1.4,4385.0,576.0,16.8,256.0,0.3,9.0,278.0,0.9,4901.0,597.0,17.7,253.0
"2025-04-03 14:30:00",0.5,328.0,9.0,-0.11,9.0,277.0,0.2,5032.0,672.0,17.6,273.0,-0.2,9.0,277.0,1.0,4237.0,498.0,18.6,273.0,0.5,9.0,277.0,0.7,5247.0,536.0,20.1,277.0
"2025-04-03 14:45:00",0.6,302.0,9.0,-0.1,9.0,277.0,0.25,5126.0,723.0,17.1,272.0,0.1,9.0,277.0,0.8,4143.0,460.0,19.1,273.0,0.6,9.0,277.0,0.5,5377.0,476.0,21.2,277.0
"2025-04-03 15:00:00",0.8,319.0,9.0,0.0,9.0,276.0,0.34,5698.0,815.0,17.0,275.0,-0.1,9.0,276.0,1.4,5129.0,647.0,18.2,274.0,0.8,9.0,276.0,1.0,5501.0,618.0,19.3,276.0
"2025-04-03 15:15:00",0.8,335.0,9.0,-0.07,9.0,279.0,0.32,5111.0,708.0,16.4,259.0,-0.4,9.0,279.0,1.6,4383.0,597.0,16.5,258.0,0.7,9.0,279.0,0.7,5137.0,518.0,19.1,257.0
"2025-04-03 15:30:00",1.1,313.0,9.0,-0.16,9.0,276.0,0.23,5673.0,748.0,17.8,274.0,-0.1,9.0,276.0,1.4,4595.0,595.0,17.9,274.0,1.1,9.0,276.0,0.7,5343.0,538.0,20.2,272.0
"2025-04-03 15:45:00",1.0,321.0,9.0,-0.11,9.0,277.0,0.25,5699.0,740.0,17.9,272.0,-0.2,9.0,277.0,1.2,4623.0,596.0,17.9,276.0,1.0,9.0,277.0,0.7,5635.0,522.0,21.1,274.0
"2025-04-03 16:00:00",1.1,303.0,9.0,-0.16,9.0,276.0,0.18,5947.0,711.0,18.6,275.0,0.1,9.0,276.0,1.0,4194.0,547.0,17.7,273.0,1.1,9.0,276.0,0.6,4905.0,482.0,20.3,273.0
"2025-04-03 16:15:00",1.4,278.0,9.0,-0.11,9.0,279.0,0.28,5126.0,785.0,15.7,254.0,0.7,9.0,279.0,1.4,4628.0,621.0,16.8,255.0,1.2,9.0,279.0,0.8,4874.0,618.0,17.4,254.0
"2025-04-03 16:30:00",1.8,270.0,9.0,-0.09,9.0,276.0,0.22,6000.0,807.0,17.6,272.0,1.1,9.0,276.0,1.5,4867.0,636.0,17.9,272.0,1.4,9.0,276.0,1.1,5046.0,682.0,17.7,271.0
"2025-04-03 16:45:00",1.6,267.0,9.0,-0.11,9.0,277.0,0.18,5959.0,740.0,18.3,272.0,1.1,9.0,277.0,1.1,4682.0,598.0,18.1,272.0,1.2,9.0,277.0,0.8,4749.0,573.0,18.5,274.0
"2025-04-03 17:00:00",1.5,274.0,9.0,-0.1,9.0,276.0,0.19,5884.0,706.0,18.6,273.0,0.8,9.0,276.0,1.2,4231.0,603.0,17.1,271.0,1.2,9.0,276.0,0.9,4535.0,574.0,18.2,271.0
"2025-04-03 17:15:00",1.2,258.0,9.0,-0.09,9.0,279.0,0.14,5822.0,588.0,19.1,257.0,0.9,9.0,279.0,1.0,3942.0,548.0,16.3,254.0,0.8,9.0,279.0,0.9,3776.0,501.0,16.7,254.0
"2025-04-03 17:30:00",0.8,271.0,9.0,-0.06,9.0,276.0,0.16,6004.0,640.0,19.7,276.0,0.5,9.0,276.0,0.7,3918.0,513.0,17.6,274.0,0.6,9.0,276.0,0.6,3723.0,475.0,17.8,273.0
"2025-04-03 17:45:00",0.7,282.0,9.0,-0.04,9.0,276.0,0.15,6034.0,598.0,20.3,275.0,0.3,9.0,276.0,0.7,4236.0,492.0,18.7,276.0,0.6,9.0,276.0,0.7,3823.0,495.0,17.7,276.0
"2025-04-03 18:00:00",0.6,276.0,9.0,-0.07,9.0,276.0,0.15,6060.0,636.0,19.7,276.0,0.3,9.0,276.0,0.5,4847.0,455.0,20.6,276.0,0.5,9.0,276.0,0.8,3641.0,491.0,17.3,276.0
"2025-04-03 18:15:00",0.2,285.0,9.0,-0.05,9.0,277.0,0.16,5554.0,522.0,19.6,258.0,0.1,9.0,277.0,0.5,4427.0,432.0,19.1,258.0,0.2,9.0,277.0,0.7,3521.0,491.0,16.1,258.0
"2025-04-03 18:30:00",0.6,278.0,9.0,-0.09,9.0,276.0,0.17,5815.0,600.0,19.8,274.0,0.3,9.0,276.0,0.4,5068.0,440.0,21.3,276.0,0.5,9.0,276.0,0.7,3906.0,548.0,16.9,275.0
"2025-04-03 18:45:00",0.5,267.0,9.0,-0.04,9.0,276.0,0.18,5968.0,580.0,20.5,276.0,0.3,9.0,276.0,0.4,5012.0,437.0,21.3,275.0,0.3,9.0,276.0,0.6,4165.0,544.0,17.7,276.0
"2025-04-03 19:00:00",0.3,275.0,9.0,0.03,9.0,276.0,0.21,5865.0,609.0,19.9,276.0,0.2,9.0,276.0,0.4,4957.0,481.0,20.4,275.0,0.3,9.0,276.0,0.6,4157.0,583.0,17.0,275.0
"2025-04-03 19:15:00",0.6,283.0,9.0,0.02,9.0,277.0,0.2,5554.0,570.0,19.0,258.0,0.3,9.0,277.0,0.4,4787.0,469.0,19.3,256.0,0.6,9.0,277.0,0.7,3760.0,577.0,15.5,257.0
"2025-04-03 19:30:00",0.4,284.0,9.0,0.04,9.0,274.0,0.2,5716.0,624.0,19.4,274.0,0.2,9.0,274.0,0.4,5123.0,456.0,21.2,270.0,0.4,9.0,274.0,0.8,3775.0,597.0,16.0,274.0
"2025-04-03 19:45:00",0.1,263.0,9.0,0.06,9.0,274.0,0.19,5713.0,586.0,19.9,274.0,0.1,9.0,274.0,0.4,5144.0,448.0,21.2,271.0,0.1,9.0,274.0,0.6,3990.0,569.0,16.9,273.0
"2025-04-03 20:00:00",0.2,305.0,9.0,0.06,9.0,274.0,0.21,5686.0,639.0,19.2,271.0,0.0,9.0,274.0,0.6,4955.0,516.0,19.8,269.0,0.2,9.0,274.0,0.7,3950.0,628.0,15.9,271.0
"2025-04-03 20:15:00",0.6,277.0,9.0,0.0,9.0,276.0,0.21,5109.0,603.0,17.7,256.0,0.3,9.0,276.0,0.5,4380.0,479.0,18.2,253.0,0.5,9.0,276.0,0.8,3437.0,561.0,14.9,255.0
"2025-04-03 20:30:00",0.7,273.0,9.0,0.02,9.0,274.0,0.19,5534.0,629.0,19.0,273.0,0.4,9.0,274.0,0.6,4836.0,540.0,19.2,272.0,0.6,9.0,274.0,0.9,3651.0,605.0,15.6,273.0
"2025-04-03 20:45:00",0.4,282.0,9.0,0.07,9.0,274.0,0.21,5467.0,694.0,18.1,274.0,0.2,9.0,274.0,0.6,4638.0,572.0,18.3,271.0,0.4,9.0,274.0,1.0,3644.0,655.0,14.9,270.0
"2025-04-03 21:00:00",0.5,258.0,9.0,0.05,9.0,274.0,0.2,5338.0,650.0,18.4,273.0,0.4,9.0,274.0,0.5,4598.0,543.0,18.6,271.0,0.3,9.0,274.0,0.9,3755.0,611.0,15.7,272.0
"2025-04-03 21:15:00",0.6,261.0,9.0,0.03,9.0,276.0,0.22,4887.0,630.0,16.9,256.0,0.5,9.0,276.0,0.7,4334.0,519.0,17.6,251.0,0.4,9.0,276.0,1.0,3477.0,587.0,14.6,255.0
"2025-04-03 21:30:00",0.7,246.0,9.0,0.06,9.0,274.0,0.2,5470.0,636.0,18.9,273.0,0.6,9.0,274.0,0.6,4581.0,505.0,19.2,273.0,0.3,9.0,274.0,0.8,3634.0,629.0,15.1,269.0
"2025-04-03 21:45:00",0.6,246.0,9.0,0.06,9.0,274.0,0.21,5272.0,651.0,18.3,274.0,0.5,9.0,274.0,0.5,4532.0,534.0,18.6,269.0,0.3,9.0,274.0,0.9,3649.0,639.0,15.0,269.0
"2025-04-03 22:00:00",0.5,260.0,9.0,0.07,9.0,274.0,0.19,5396.0,653.0,18.5,272.0,0.4,9.0,274.0,0.6,4639.0,532.0,19.0,272.0,0.4,9.0,274.0,0.8,3653.0,620.0,15.4,270.0
"2025-04-03 22:15:00",0.6,240.0,9.0,-0.01,9.0,276.0,0.21,5130.0,623.0,17.5,257.0,0.5,9.0,276.0,0.6,4408.0,503.0,17.9,256.0,0.2,9.0,276.0,0.8,3549.0,560.0,15.1,256.0
"2025-04-03 22:30:00",0.4,260.0,9.0,0.04,9.0,273.0,0.19,5546.0,673.0,18.5,273.0,0.3,9.0,273.0,0.5,4636.0,513.0,19.2,272.0,0.3,9.0,273.0,0.7,3850.0,614.0,15.9,269.0
"2025-04-03 22:45:00",0.5,257.0,9.0,0.02,9.0,274.0,0.17,5763.0,612.0,19.6,274.0,0.4,9.0,274.0,0.6,4657.0,537.0,18.9,271.0,0.3,9.0,274.0,0.8,3777.0,620.0,15.6,274.0
"2025-04-03 23:00:00",0.6,244.0,9.0,0.03,9.0,274.0,0.19,5674.0,656.0,18.9,271.0,0.5,9.0,274.0,0.9,4627.0,599.0,17.8,271.0,0.3,9.0,274.0,1.0,4228.0,642.0,16.3,272.0
"2025-04-03 23:15:00",0.9,265.0,9.0,0.01,9.0,276.0,0.19,5405.0,651.0,17.6,253.0,0.6,9.0,276.0,1.1,4411.0,595.0,16.5,253.0,0.6,9.0,276.0,1.0,3958.0,626.0,15.1,252.0
"2025-04-03 23:30:00",0.3,200.0,9.0,0.09,9.0,274.0,0.19,5900.0,648.0,19.4,274.0,0.3,9.0,274.0,0.8,4698.0,579.0,18.2,273.0,-0.1,9.0,274.0,0.8,4281.0,621.0,16.7,273.0
"2025-04-03 23:45:00",0.6,112.0,9.0,0.1,9.0,274.0,0.17,6196.0,699.0,19.2,273.0,-0.2,9.0,274.0,0.8,4650.0,546.0,18.5,271.0,-0.6,9.0,274.0,0.8,3698.0,584.0,15.8,273.0
"2025-04-04 00:00:00",0.5,14.0,9.0,0.14,9.0,274.0,0.19,6514.0,595.0,21.0,274.0,-0.4,9.0,274.0,0.4,4399.0,528.0,18.3,273.0,0.2,9.0,274.0,0.4,3586.0,502.0,17.0,273.0
"2025-04-04 00:15:00",0.3,78.0,9.0,0.15,9.0,276.0,0.18,6085.0,676.0,18.4,257.0,-0.2,9.0,276.0,0.6,3847.0,482.0,17.0,257.0,-0.2,9.0,276.0,0.7,2854.0,476.0,14.7,257.0
"2025-04-04 00:30:00",0.4,91.0,9.0,0.1,9.0,274.0,0.11,6233.0,664.0,19.6,271.0,-0.2,9.0,274.0,0.4,4610.0,555.0,18.3,274.0,-0.3,9.0,274.0,0.8,2836.0,536.0,14.2,273.0
"2025-04-04 00:45:00",1.1,117.0,9.0,0.1,9.0,275.0,0.12,6338.0,569.0,21.5,272.0,-0.2,9.0,275.0,0.5,5171.0,607.0,18.6,275.0,-1.1,9.0,275.0,0.9,3440.0,564.0,15.4,275.0
"2025-04-04 01:00:00",0.8,126.0,9.0,0.04,9.0,273.0,0.14,5918.0,706.0,18.6,272.0,0.0,9.0,273.0,0.5,4785.0,574.0,18.4,273.0,-0.8,9.0,273.0,1.0,3433.0,551.0,15.6,271.0
"2025-04-04 01:15:00",0.7,81.0,9.0,0.11,9.0,276.0,0.17,5137.0,751.0,15.9,254.0,-0.5,9.0,276.0,0.6,3760.0,534.0,16.0,256.0,-0.4,9.0,276.0,1.2,2551.0,523.0,13.0,256.0
"2025-04-04 01:30:00",1.0,126.0,9.0,0.08,9.0,274.0,0.14,6130.0,664.0,19.5,274.0,0.0,9.0,274.0,0.5,5026.0,605.0,18.4,273.0,-1.0,9.0,274.0,0.8,4000.0,561.0,16.9,274.0
"2025-04-04 01:45:00",0.5,100.0,9.0,0.1,9.0,273.0,0.15,5959.0,645.0,19.5,273.0,-0.3,9.0,273.0,0.5,4383.0,559.0,17.8,273.0,-0.5,9.0,273.0,0.8,3610.0,508.0,16.9,271.0
"2025-04-04 02:00:00",0.2,75.0,9.0,0.03,9.0,274.0,0.16,6118.0,697.0,19.1,274.0,-0.2,9.0,274.0,0.7,4380.0,594.0,17.3,274.0,-0.1,9.0,274.0,0.8,3649.0,522.0,16.7,274.0
"2025-04-04 02:15:00",1.0,130.0,9.0,0.0,9.0,275.0,0.18,5712.0,628.0,18.4,256.0,0.0,9.0,275.0,0.7,4726.0,539.0,18.0,255.0,-1.0,9.0,275.0,0.9,4197.0,597.0,16.1,256.0
"2025-04-04 02:30:00",0.5,163.0,9.0,-0.05,9.0,274.0,0.16,6109.0,679.0,19.3,270.0,0.3,9.0,274.0,0.7,4997.0,577.0,18.7,273.0,-0.4,9.0,274.0,0.9,4231.0,579.0,17.2,274.0
"2025-04-04 02:45:00",0.4,241.0,9.0,-0.08,9.0,273.0,0.15,6154.0,779.0,18.1,273.0,0.4,9.0,273.0,0.6,4410.0,604.0,17.2,273.0,0.2,9.0,273.0,0.7,3970.0,571.0,16.7,273.0
"2025-04-04 03:00:00",0.3,246.0,9.0,-0.04,9.0,274.0,0.15,6443.0,714.0,19.4,274.0,0.3,9.0,274.0,0.9,4589.0,655.0,16.9,273.0,0.1,9.0,274.0,0.8,4019.0,636.0,15.8,273.0
"2025-04-04 03:15:00",0.6,261.0,9.0,-0.1,9.0,275.0,0.14,5848.0,685.0,17.9,254.0,0.4,9.0,275.0,0.6,4284.0,520.0,17.4,256.0,0.4,9.0,275.0,0.9,3446.0,519.0,15.5,256.0
"2025-04-04 03:30:00",0.6,28.0,9.0,0.07,9.0,274.0,0.17,6327.0,723.0,19.0,270.0,-0.6,9.0,274.0,0.7,4490.0,608.0,17.3,274.0,0.1,9.0,274.0,0.7,4043.0,545.0,17.3,273.0
"2025-04-04 03:45:00",0.2,282.0,9.0,-0.05,9.0,273.0,0.13,6393.0,732.0,18.9,273.0,0.1,9.0,273.0,0.6,4421.0,593.0,17.3,273.0,0.2,9.0,273.0,0.7,3718.0,586.0,15.9,273.0
"2025-04-04 04:00:00",0.3,182.0,9.0,-0.06,9.0,274.0,0.09,6761.0,713.0,19.6,274.0,0.2,9.0,274.0,0.3,4266.0,474.0,19.1,274.0,-0.2,9.0,274.0,1.1,3270.0,572.0,15.0,274.0
"2025-04-04 04:15:00",0.6,213.0,9.0,-0.12,9.0,275.0,0.13,6001.0,702.0,17.8,256.0,0.6,9.0,275.0,0.3,3979.0,424.0,18.5,252.0,0.0,9.0,275.0,0.5,3006.0,470.0,15.3,256.0
"2025-04-04 04:30:00",0.5,149.0,9.0,-0.06,9.0,274.0,0.12,6890.0,643.0,20.7,274.0,0.2,9.0,274.0,0.3,4461.0,469.0,19.5,273.0,-0.5,9.0,274.0,0.4,3602.0,498.0,16.9,271.0
"2025-04-04 04:45:00",0.5,103.0,9.0,0.01,9.0,273.0,0.11,6815.0,606.0,21.2,273.0,-0.2,9.0,273.0,0.4,4088.0,493.0,18.2,268.0,-0.4,9.0,273.0,0.5,3866.0,480.0,18.1,270.0
"2025-04-04 05:00:00",0.3,116.0,9.0,-0.01,9.0,273.0,0.15,6420.0,721.0,19.1,273.0,-0.1,9.0,273.0,0.2,4631.0,463.0,20.0,272.0,-0.3,9.0,273.0,0.3,3918.0,471.0,18.4,272.0
"2025-04-04 05:15:00",0.8,125.0,9.0,0.02,9.0,276.0,0.18,5967.0,647.0,18.4,255.0,0.0,9.0,276.0,0.5,4714.0,496.0,18.6,253.0,-0.8,9.0,276.0,0.9,4046.0,527.0,16.9,251.0
"2025-04-04 05:30:00",0.6,151.0,9.0,0.01,9.0,273.0,0.17,6532.0,659.0,20.2,273.0,0.2,9.0,273.0,0.7,5112.0,571.0,19.1,271.0,-0.5,9.0,273.0,0.9,4464.0,586.0,17.7,273.0
"2025-04-04 05:45:00",0.6,132.0,9.0,0.07,9.0,274.0,0.18,6565.0,669.0,20.1,274.0,0.0,9.0,274.0,0.6,5066.0,570.0,19.1,274.0,-0.6,9.0,274.0,0.9,4043.0,577.0,17.0,271.0
"2025-04-04 06:00:00",1.0,163.0,9.0,0.04,9.0,273.0,0.22,6377.0,753.0,18.9,271.0,0.6,9.0,273.0,1.3,5414.0,773.0,17.2,271.0,-0.8,9.0,273.0,1.6,4993.0,768.0,16.4,271.0
"2025-04-04 06:15:00",0.8,154.0,9.0,0.09,9.0,275.0,0.2,6060.0,671.0,18.4,254.0,0.3,9.0,275.0,1.2,4968.0,676.0,16.6,254.0,-0.7,9.0,275.0,1.1,4471.0,663.0,15.8,249.0
"2025-04-04 06:30:00",0.5,143.0,9.0,0.05,9.0,274.0,0.19,6271.0,647.0,19.9,274.0,0.1,9.0,274.0,1.0,4855.0,651.0,17.5,270.0,-0.5,9.0,274.0,0.8,4545.0,575.0,18.0,274.0
"2025-04-04 06:45:00",0.7,80.0,9.0,0.05,9.0,273.0,0.17,6077.0,627.0,19.9,271.0,-0.5,9.0,273.0,0.6,4583.0,618.0,17.5,268.0,-0.5,9.0,273.0,0.9,3920.0,601.0,16.5,269.0
"2025-04-04 07:00:00",1.2,102.0,9.0,0.08,9.0,274.0,0.17,5752.0,614.0,19.6,271.0,-0.5,9.0,274.0,0.7,4403.0,557.0,18.0,270.0,-1.1,9.0,274.0,1.0,3854.0,634.0,15.9,270.0
"2025-04-04 07:15:00",1.2,104.0,9.0,0.16,9.0,275.0,0.19,5471.0,571.0,18.8,256.0,-0.5,9.0,275.0,0.8,4174.0,503.0,17.5,252.0,-1.1,9.0,275.0,1.1,3880.0,564.0,16.2,251.0
"2025-04-04 07:30:00",1.0,103.0,9.0,0.17,9.0,273.0,0.17,5973.0,581.0,20.5,271.0,-0.4,9.0,273.0,0.7,4521.0,492.0,19.3,270.0,-0.9,9.0,273.0,0.7,4224.0,525.0,18.3,270.0
"2025-04-04 07:45:00",0.7,131.0,9.0,0.1,9.0,274.0,0.13,6371.0,542.0,21.7,273.0,0.0,9.0,274.0,0.8,4797.0,516.0,19.4,274.0,-0.7,9.0,274.0,0.8,4269.0,534.0,18.1,269.0
"2025-04-04 08:00:00",0.5,140.0,9.0,-0.02,9.0,273.0,0.17,6052.0,602.0,20.3,272.0,0.1,9.0,273.0,0.9,4760.0,551.0,18.8,271.0,-0.5,9.0,273.0,1.0,4460.0,594.0,17.6,272.0
"2025-04-04 08:15:00",0.4,203.0,9.0,-0.01,9.0,277.0,0.2,5670.0,598.0,18.8,254.0,0.4,9.0,277.0,1.1,4356.0,546.0,17.1,254.0,-0.1,9.0,277.0,1.3,4066.0,616.0,15.7,254.0
"2025-04-04 08:30:00",0.7,164.0,9.0,-0.01,9.0,274.0,0.22,6035.0,686.0,19.3,272.0,0.4,9.0,274.0,1.2,5011.0,619.0,18.3,271.0,-0.6,9.0,274.0,1.4,4567.0,680.0,16.7,270.0
"2025-04-04 08:45:00",0.8,178.0,9.0,-0.05,9.0,274.0,0.24,6139.0,736.0,18.8,270.0,0.6,9.0,274.0,1.8,5225.0,713.0,17.6,274.0,-0.5,9.0,274.0,1.8,4723.0,768.0,16.0,269.0
"2025-04-04 09:00:00",0.8,188.0,9.0,-0.1,9.0,274.0,0.24,6001.0,729.0,18.6,272.0,0.7,9.0,274.0,1.7,4879.0,666.0,17.5,272.0,-0.4,9.0,274.0,1.6,4762.0,736.0,16.4,272.0
"2025-04-04 09:15:00",0.6,185.0,9.0,-0.03,9.0,276.0,0.26,5432.0,728.0,16.9,251.0,0.5,9.0,276.0,1.5,4274.0,644.0,15.7,253.0,-0.3,9.0,276.0,1.5,4368.0,754.0,14.8,251.0
"2025-04-04 09:30:00",0.8,196.0,9.0,-0.05,9.0,274.0,0.31,5862.0,836.0,17.3,271.0,0.7,9.0,274.0,2.0,4838.0,745.0,16.5,274.0,-0.3,9.0,274.0,1.9,4876.0,860.0,15.3,272.0
"2025-04-04 09:45:00",0.6,228.0,9.0,0.02,9.0,274.0,0.3,5950.0,793.0,17.9,270.0,0.6,9.0,274.0,1.8,5076.0,723.0,17.2,273.0,0.1,9.0,274.0,1.5,5133.0,763.0,16.8,269.0
"2025-04-04 10:00:00",0.7,226.0,9.0,0.06,9.0,276.0,0.29,5925.0,803.0,17.6,273.0,0.7,9.0,276.0,1.5,5211.0,703.0,17.6,275.0,0.1,9.0,276.0,1.1,5358.0,688.0,18.0,274.0
"2025-04-04 10:15:00",0.3,184.0,9.0,-0.08,9.0,278.0,0.29,5170.0,713.0,16.6,253.0,0.2,9.0,278.0,1.7,4578.0,641.0,16.4,257.0,-0.2,9.0,278.0,1.4,4867.0,715.0,16.2,253.0
"2025-04-04 10:30:00",0.5,88.0,9.0,0.01,9.0,276.0,0.33,5434.0,776.0,17.1,272.0,-0.3,9.0,276.0,1.6,4911.0,660.0,17.6,275.0,-0.4,9.0,276.0,1.3,5380.0,774.0,17.2,271.0
"2025-04-04 10:45:00",0.6,100.0,9.0,0.03,9.0,276.0,0.44,5390.0,846.0,16.3,276.0,-0.3,9.0,276.0,1.6,4942.0,720.0,16.9,274.0,-0.5,9.0,276.0,1.7,5482.0,821.0,16.9,271.0
"2025-04-04 11:00:00",0.7,47.0,9.0,-0.03,9.0,277.0,0.27,5018.0,733.0,16.8,274.0,-0.7,9.0,277.0,1.1,4288.0,601.0,17.2,276.0,-0.1,9.0,277.0,0.9,5367.0,710.0,17.9,272.0
"2025-04-04 11:15:00",0.5,115.0,9.0,0.07,9.0,279.0,0.42,5105.0,793.0,15.6,255.0,-0.1,9.0,279.0,1.9,4677.0,717.0,15.7,258.0,-0.5,9.0,279.0,1.3,5311.0,742.0,16.6,258.0
"2025-04-04 11:30:00",0.8,64.0,9.0,0.06,9.0,276.0,0.35,5284.0,734.0,17.3,274.0,-0.7,9.0,276.0,1.6,4647.0,661.0,17.1,274.0,-0.3,9.0,276.0,0.9,5678.0,647.0,19.3,271.0
