"TIMESTAMP","Wind_Speed_10m","Wind_Direction_10m","Sigma_Theta_10m","Temperature_Avg","Relative_Humidity_Avg","BP_mmHg_Avg","Precipitation_in_Tot","Solar_Radiation_Avg","Battery_voltage_Min"
"TIMESTAMP","m/s","","","","","","","",""
"2024-06-30 00:00:00",0.019,358.5,10.03,25.69,44.64,670.7,0.0,-0.035,13.3
"2024-06-30 01:00:00",0.096,311.2,21.33,24.68,46.96,671.1,0.0,-0.036,13.3
"2024-06-30 02:00:00",0.107,130.0,13.25,25.02,44.72,671.4,0.0,-0.036,13.31
"2024-06-30 03:00:00",1.018,160.1,46.83,25.38,44.33,671.9,0.0,-0.033,13.31
"2024-06-30 04:00:00",3.851,140.8,34.04,27.64,43.05,671.9,0.0,-0.031,13.31
"2024-06-30 05:00:00",2.222,68.8,33.69,27.51,43.06,672.2,0.0,-0.02,13.2
"2024-06-30 06:00:00",1.105,209.4,53.31,27.15,43.57,672.4,0.0,,13.21
"2024-06-30 07:00:00",0.517,234.4,21.26,27.01,44.28,672.6,0.0,31.69,13.26
"2024-06-30 08:00:00",0.199,64.36,3.272,29.48,39.88,672.6,0.0,194.1,13.17
"2024-06-30 09:00:00",0.559,14.55,39.09,33.05,32.58,672.7,0.0,493.2,13.02
"2024-06-30 10:00:00",1.369,118.2,54.72,33.92,29.75,672.6,0.0,647.1,12.99
"2024-06-30 11:00:00",1.074,27.14,61.46,35.55,26.79,672.5,0.0,705.8,12.99
"2024-06-30 12:00:00",1.773,114.7,63.63,36.13,25.36,672.2,0.0,911.0,12.77
"2024-06-30 13:00:00",1.69,127.5,62.05,35.85,25.21,671.7,0.0,375.8,13.02
"2024-06-30 14:00:00",2.119,147.3,44.22,36.57,23.77,671.1,0.0,701.9,13.08
"2024-06-30 15:00:00",1.473,130.2,59.53,37.73,22.2,670.3,0.0,670.1,13.07
"2024-06-30 16:00:00",1.755,234.7,66.23,37.25,23.26,670.0,0.0,515.0,13.09
"2024-06-30 17:00:00",2.254,237.6,73.0,37.27,23.06,669.7,0.0,525.7,13.06
"2024-06-30 18:00:00",2.648,148.5,51.57,32.66,34.0,670.2,0.0,159.2,13.09
"2024-06-30 19:00:00",2.696,121.0,41.54,28.06,52.2,671.4,0.02,,13.2
"2024-06-30 20:00:00",1.214,115.0,42.8,23.17,80.8,672.7,0.24,0.34,13.23
"2024-06-30 21:00:00",0.661,6.163,18.51,22.04,92.4,672.7,0.04,-0.034,13.23
"2024-06-30 22:00:00",0.841,18.95,11.85,21.66,94.4,672.8,0.0,-0.035,13.21
"2024-06-30 23:00:00",0.643,107.7,15.69,21.91,91.2,672.7,0.0,-0.034,13.24
"2024-07-01 00:00:00",0.264,17.21,7.045,21.92,94.9,672.7,0.0,-0.035,13.32
"2024-07-01 01:00:00",0.541,343.1,15.97,21.76,94.8,672.6,0.0,-0.034,13.34
"2024-07-01 02:00:00",0.074,5.717,8.14,21.56,94.2,672.4,0.0,-0.033,13.39
"2024-07-01 03:00:00",0.042,21.1,2.728,21.39,95.6,672.2,0.0,-0.034,13.35
"2024-07-01 04:00:00",0.0,17.47,0.002,21.33,96.7,672.3,0.0,-0.035,13.36
"2024-07-01 05:00:00",0.0,0.0,0.0,21.12,97.6,672.4,0.0,-0.027,13.13
"2024-07-01 06:00:00",0.0,0.0,0.0,21.05,98.1,672.6,0.0,16.01,13.36
"2024-07-01 07:00:00",0.0,0.0,0.0,21.84,95.4,672.7,0.0,99.5,13.25
"2024-07-01 08:00:00",0.253,17.0,8.93,23.89,78.74,672.8,0.0,179.4,13.23
"2024-07-01 09:00:00",1.195,22.59,13.76,25.52,71.76,672.6,0.0,332.5,13.2
"2024-07-01 10:00:00",0.769,13.54,24.54,27.83,63.19,672.4,0.0,551.5,13.11
"2024-07-01 11:00:00",0.675,213.4,47.87,31.09,46.98,672.1,0.0,645.3,13.06
"2024-07-01 12:00:00",0.728,316.8,58.63,33.21,39.92,671.7,0.0,789.6,13.03
"2024-07-01 13:00:00",1.467,234.2,54.79,33.29,37.49,670.9,0.0,454.0,12.79
"2024-07-01 14:00:00",0.872,9.86,49.74,29.33,52.86,670.6,0.18,81.1,12.61
"2024-07-01 15:00:00",0.831,356.7,22.34,24.1,85.9,670.5,0.04,235.0,12.61
"2024-07-01 16:00:00",0.213,113.7,28.43,25.58,76.81,670.2,0.0,278.1,12.7
"2024-07-01 17:00:00",0.829,141.1,39.82,27.9,61.9,669.9,0.01,291.3,12.89
"2024-07-01 18:00:00",1.411,181.9,35.51,28.45,58.79,669.4,0.0,312.8,12.98
"2024-07-01 19:00:00",0.673,151.0,38.73,28.72,55.23,669.1,0.0,132.2,13.13
"2024-07-01 20:00:00",0.097,233.6,3.399,27.84,61.9,669.2,0.0,26.6,13.02
"2024-07-01 21:00:00",0.061,266.7,3.702,25.99,74.13,669.4,0.0,-0.019,13.2
"2024-07-01 22:00:00",0.022,255.8,1.506,24.61,80.2,669.7,0.0,-0.036,13.06
"2024-07-01 23:00:00",0.0,0.0,0.0,23.34,85.5,669.9,0.0,-0.036,13.25
"2024-07-02 00:00:00",0.0,0.0,0.0,22.97,85.4,669.9,0.0,-0.037,13.21
"2024-07-02 01:00:00",0.0,0.0,0.0,22.31,87.5,669.8,0.0,-0.037,13.31
"2024-07-02 02:00:00",0.0,0.0,0.0,21.46,92.3,669.5,0.0,-0.036,13.33
"2024-07-02 03:00:00",0.07,216.8,15.84,21.48,90.3,669.5,0.0,-0.034,13.36
"2024-07-02 04:00:00",0.0,0.0,0.0,21.15,91.1,669.5,0.0,-0.034,13.36
"2024-07-02 05:00:00",0.038,246.2,1.621,20.4,94.6,669.7,0.0,-0.026,13.02
"2024-07-02 06:00:00",0.0,0.0,0.0,20.46,93.3,670.1,0.0,6.733,13.25
"2024-07-02 07:00:00",0.022,188.8,2.414,20.97,88.8,670.6,0.0,,13.18
"2024-07-02 08:00:00",0.163,151.0,14.0,25.94,67.7,670.9,0.0,287.2,13.11
"2024-07-02 09:00:00",0.967,25.37,22.65,29.71,53.56,670.9,0.0,526.6,13.11
"2024-07-02 10:00:00",0.518,9.94,38.0,32.77,44.77,670.7,0.0,645.1,12.99
"2024-07-02 11:00:00",0.803,43.35,36.98,34.23,37.86,670.6,0.0,767.9,12.98
"2024-07-02 12:00:00",0.911,228.7,54.81,35.34,32.9,670.3,0.0,902.0,12.99
"2024-07-02 13:00:00",0.882,40.05,48.23,36.61,29.18,669.8,0.0,801.0,13.02
"2024-07-02 14:00:00",0.878,15.94,60.29,36.51,29.43,669.3,0.0,648.0,13.06
"2024-07-02 15:00:00",1.18,308.9,51.35,37.35,27.55,668.8,0.0,727.9,13.05
"2024-07-02 16:00:00",0.743,305.9,46.12,37.73,26.7,668.3,0.0,522.4,13.06
"2024-07-02 17:00:00",0.632,323.2,49.21,37.34,24.95,667.9,0.0,457.3,13.07
"2024-07-02 18:00:00",0.417,313.4,37.06,37.64,25.02,667.6,0.0,336.5,13.07
"2024-07-02 19:00:00",0.207,318.8,24.04,37.01,24.43,667.7,0.0,131.1,13.03
"2024-07-02 20:00:00",2.022,161.1,41.12,33.05,32.31,668.2,0.0,13.41,13.11
"2024-07-02 21:00:00",1.859,128.4,45.96,31.11,38.41,668.8,0.0,-0.027,13.2
"2024-07-02 22:00:00",0.681,127.5,48.31,29.87,40.93,669.6,0.0,-0.035,13.19
"2024-07-02 23:00:00",1.411,115.8,20.34,29.03,42.4,670.0,0.0,-0.034,13.23
"2024-07-03 00:00:00",1.439,124.0,20.4,27.63,47.54,670.0,0.0,-0.033,13.29
"2024-07-03 01:00:00",1.618,100.3,34.45,27.35,47.66,670.1,0.0,-0.033,13.29
"2024-07-03 02:00:00",1.793,127.7,51.19,27.92,43.59,670.2,0.0,-0.033,13.27
"2024-07-03 03:00:00",0.76,9.53,29.32,26.74,47.83,670.2,0.0,-0.033,13.28
"2024-07-03 04:00:00",1.768,186.3,52.15,26.67,48.89,670.3,0.0,-0.033,13.31
"2024-07-03 05:00:00",0.935,264.8,36.89,26.32,50.44,670.6,0.0,-0.026,13.18
"2024-07-03 06:00:00",0.565,176.8,33.25,24.43,57.93,671.2,0.0,6.671,13.16
"2024-07-03 07:00:00",0.44,53.38,16.4,24.53,59.11,671.7,0.0,,13.31
"2024-07-03 08:00:00",0.352,210.0,41.16,29.6,42.87,672.0,0.0,268.2,13.11
"2024-07-03 09:00:00",0.896,50.84,44.02,32.27,33.01,672.2,0.0,514.8,13.01
"2024-07-03 10:00:00",1.205,100.3,36.32,32.88,30.7,672.2,0.0,651.2,13.0
"2024-07-03 11:00:00",0.817,58.83,48.1,34.89,27.94,672.1,0.0,716.3,13.02
"2024-07-03 12:00:00",1.622,189.2,56.12,35.42,26.68,672.0,0.0,858.0,13.0
"2024-07-03 13:00:00",1.494,18.19,67.45,36.42,23.94,671.5,0.0,863.0,13.02
"2024-07-03 14:00:00",1.394,315.6,65.61,38.09,20.25,671.1,0.0,838.0,13.05
"2024-07-03 15:00:00",1.859,229.9,69.19,37.61,19.23,670.6,0.0,760.2,13.07
"2024-07-03 16:00:00",1.972,251.8,67.11,37.59,18.84,670.1,0.0,608.1,13.07
"2024-07-03 17:00:00",1.203,289.4,58.73,37.97,16.89,669.6,0.0,491.9,13.07
"2024-07-03 18:00:00",0.825,318.8,44.84,38.25,13.13,669.4,0.0,317.8,13.1
"2024-07-03 19:00:00",0.416,312.6,30.77,36.93,14.25,669.6,0.0,101.1,13.06
"2024-07-03 20:00:00",0.212,301.7,14.17,33.88,17.91,669.7,0.0,7.037,13.05
"2024-07-03 21:00:00",0.0,0.0,0.0,29.47,28.47,670.0,0.0,-0.031,13.15
"2024-07-03 22:00:00",0.069,135.5,10.26,27.77,30.93,670.6,0.0,-0.038,13.22
"2024-07-03 23:00:00",0.098,142.8,19.62,26.57,33.78,671.0,0.0,-0.037,13.21
"2024-07-04 00:00:00",0.094,336.0,20.26,25.85,35.09,671.0,0.0,-0.035,13.28
"2024-07-04 01:00:00",0.148,347.2,19.53,24.62,39.56,671.1,0.0,-0.035,13.29
"2024-07-04 02:00:00",0.315,255.5,35.52,24.36,40.63,671.0,0.0,-0.033,13.34
"2024-07-04 03:00:00",0.273,326.9,28.21,24.3,42.2,671.2,0.0,-0.033,13.35
"2024-07-04 04:00:00",0.207,345.7,22.81,23.1,51.19,671.4,0.0,-0.033,13.36
"2024-07-04 05:00:00",0.336,306.0,41.6,23.82,55.04,671.7,0.0,-0.022,13.12
"2024-07-04 06:00:00",1.032,163.4,52.78,25.58,52.41,672.1,0.0,7.823,13.22
"2024-07-04 07:00:00",0.873,131.5,37.19,25.8,54.32,672.5,0.0,,13.34
"2024-07-04 08:00:00",1.063,77.38,19.77,28.59,46.69,672.9,0.0,285.5,13.2
"2024-07-04 09:00:00",0.91,44.64,33.43,31.84,37.5,672.9,0.0,523.6,13.08
"2024-07-04 10:00:00",0.978,4.207,54.15,35.08,29.75,672.7,0.0,665.2,12.99
"2024-07-04 11:00:00",0.769,26.15,56.72,36.62,25.77,672.5,0.0,783.6,12.97
"2024-07-04 12:00:00",1.187,12.77,37.83,38.37,21.36,672.1,0.0,862.0,12.98
"2024-07-04 13:00:00",1.898,13.84,35.53,39.4,12.53,671.6,0.0,889.0,13.01
"2024-07-04 14:00:00",2.253,279.8,51.27,38.95,15.71,671.0,0.0,850.0,13.04
"2024-07-04 15:00:00",1.779,241.0,61.39,39.18,16.49,670.4,0.0,710.6,13.03
"2024-07-04 16:00:00",2.206,269.8,69.33,39.12,16.87,669.7,0.0,629.5,13.05
"2024-07-04 17:00:00",1.781,300.3,42.19,39.4,13.06,669.2,0.0,478.9,13.05
"2024-07-04 18:00:00",1.149,318.2,38.57,38.98,14.33,668.9,0.0,302.0,13.06
"2024-07-04 19:00:00",1.276,315.5,33.12,37.3,17.52,668.8,0.0,,13.07
"2024-07-04 20:00:00",0.326,317.8,21.81,34.82,22.27,669.1,0.0,8.11,13.11
"2024-07-04 21:00:00",0.027,305.5,4.066,31.52,28.98,669.5,0.0,-0.035,13.17
"2024-07-04 22:00:00",0.135,103.2,19.88,30.18,30.66,669.9,0.0,-0.038,13.2
"2024-07-04 23:00:00",0.13,110.9,27.55,29.11,32.7,670.2,0.0,-0.037,13.24
"2024-07-05 00:00:00",0.398,149.1,33.05,27.79,34.48,670.3,0.0,-0.035,13.26
"2024-07-05 01:00:00",0.149,148.3,28.15,27.12,35.65,670.1,0.0,-0.035,13.28
"2024-07-05 02:00:00",0.038,212.7,3.584,25.78,38.76,669.8,0.0,-0.035,13.32
"2024-07-05 03:00:00",0.046,250.2,6.6,24.85,40.86,669.8,0.0,-0.035,13.31
"2024-07-05 04:00:00",0.41,299.5,45.82,24.19,43.04,669.8,0.0,-0.034,13.31
"2024-07-05 05:00:00",0.278,333.7,35.84,23.37,45.92,670.1,0.0,-0.021,12.89
"2024-07-05 06:00:00",0.04,310.7,17.51,22.19,51.03,670.5,0.0,7.113,13.34
"2024-07-05 07:00:00",0.1,210.8,24.3,22.29,49.81,670.7,0.0,,13.32
"2024-07-05 08:00:00",0.641,139.1,41.82,27.5,37.35,671.0,0.0,281.1,13.18
"2024-07-05 09:00:00",0.509,99.8,45.66,34.29,19.69,671.0,0.0,537.8,13.04
"2024-07-05 10:00:00",0.451,4.534,48.97,38.7,8.94,671.0,0.0,684.1,12.96
"2024-07-05 11:00:00",0.63,4.445,44.39,40.3,6.841,670.8,0.0,807.0,12.93
"2024-07-05 12:00:00",1.502,73.78,54.47,39.97,5.641,670.5,0.0,881.0,12.95
"2024-07-05 13:00:00",1.494,140.1,50.29,41.0,4.88,670.1,0.0,904.0,13.0
"2024-07-05 14:00:00",0.867,358.9,51.89,42.23,4.872,669.6,0.0,872.0,12.97
"2024-07-05 15:00:00",1.52,348.6,57.05,42.01,4.467,669.1,0.0,798.7,12.97
"2024-07-05 16:00:00",0.913,321.7,57.7,42.16,4.23,668.6,0.0,667.1,13.02
"2024-07-05 17:00:00",1.46,288.9,43.54,41.67,5.358,668.1,0.0,499.0,13.02
"2024-07-05 18:00:00",1.647,350.6,47.11,39.95,8.87,667.7,0.0,312.1,13.02
"2024-07-05 19:00:00",0.765,293.5,31.18,39.41,9.68,667.6,0.0,,13.05
"2024-07-05 20:00:00",0.094,311.3,11.82,36.06,12.08,668.0,0.0,7.612,13.08
"2024-07-05 21:00:00",0.077,344.5,10.37,31.04,18.71,668.6,0.0,-0.032,13.17
"2024-07-05 22:00:00",0.053,61.7,7.612,28.04,20.78,669.4,0.0,-0.038,13.18
"2024-07-05 23:00:00",0.227,134.6,19.24,26.54,18.89,669.8,0.0,-0.036,13.26
"2024-07-06 00:00:00",0.038,235.0,18.21,24.79,17.77,669.9,0.0,-0.034,13.32
"2024-07-06 01:00:00",0.005,336.1,3.34,23.05,19.94,669.9,0.0,-0.035,13.34
"2024-07-06 02:00:00",0.059,242.1,12.22,21.09,22.09,670.1,0.0,-0.034,13.39
"2024-07-06 03:00:00",0.562,253.7,47.95,21.17,20.04,670.3,0.0,-0.031,13.38
"2024-07-06 04:00:00",0.307,291.8,22.51,21.41,21.02,670.4,0.0,-0.033,13.4
"2024-07-06 05:00:00",0.06,282.9,20.11,21.37,30.01,670.6,0.0,-0.024,13.14
"2024-07-06 06:00:00",0.326,321.0,27.41,21.03,42.49,671.1,0.0,6.483,13.31
"2024-07-06 07:00:00",0.008,227.1,3.194,22.57,40.69,671.5,0.0,,13.3
"2024-07-06 08:00:00",0.207,182.9,22.76,28.27,30.43,671.8,0.0,283.5,13.15
"2024-07-06 09:00:00",1.578,117.7,32.08,32.08,16.55,671.9,0.0,541.7,13.07
"2024-07-06 10:00:00",0.946,59.4,56.36,34.92,13.85,671.9,0.0,684.0,13.0
"2024-07-06 11:00:00",0.739,359.2,39.72,37.26,14.52,671.8,0.0,796.9,12.96
"2024-07-06 12:00:00",1.064,10.94,40.51,38.45,13.42,671.5,0.0,869.0,12.98
"2024-07-06 13:00:00",1.656,244.7,68.31,38.5,14.58,671.0,0.0,857.0,12.97
"2024-07-06 14:00:00",2.66,217.2,45.21,38.27,15.42,670.7,0.0,836.0,13.04
"2024-07-06 15:00:00",2.635,243.5,59.33,38.52,14.14,670.2,0.0,768.0,13.08
"2024-07-06 16:00:00",1.794,271.9,55.62,38.68,13.52,669.8,0.0,639.7,13.07
"2024-07-06 17:00:00",1.998,248.7,61.9,38.43,11.81,669.4,0.0,483.3,13.07
"2024-07-06 18:00:00",1.091,299.8,45.62,38.61,10.99,669.1,0.0,312.1,13.08
"2024-07-06 19:00:00",0.803,302.4,38.83,37.36,12.05,669.0,0.0,97.3,13.04
"2024-07-06 20:00:00",0.263,320.4,20.79,34.38,16.47,669.0,0.0,7.268,13.11
"2024-07-06 21:00:00",0.052,325.2,9.58,31.18,22.09,669.4,0.0,-0.032,13.14
"2024-07-06 22:00:00",0.001,0.88,0.038,28.92,26.18,669.9,0.0,-0.04,13.14
"2024-07-06 23:00:00",0.003,346.2,1.181,27.11,29.63,670.0,0.0,-0.038,13.22
"2024-07-07 00:00:00",0.303,160.9,28.95,26.77,28.67,670.1,0.0,-0.035,13.28
"2024-07-07 01:00:00",0.313,275.8,30.34,25.2,31.39,670.1,0.0,-0.035,13.31
"2024-07-07 02:00:00",0.263,166.3,19.51,25.35,30.51,670.0,0.0,-0.036,13.29
"2024-07-07 03:00:00",0.315,192.8,45.81,24.99,33.47,670.0,0.0,-0.035,13.31
"2024-07-07 04:00:00",0.332,276.7,41.13,24.42,38.13,670.2,0.0,-0.033,13.31
"2024-07-07 05:00:00",0.064,325.3,13.7,23.56,42.94,670.4,0.0,-0.024,13.22
"2024-07-07 06:00:00",0.133,9.25,13.38,22.38,51.53,670.7,0.0,7.114,13.36
"2024-07-07 07:00:00",0.776,78.77,39.69,24.54,48.39,671.1,0.0,,13.29
"2024-07-07 08:00:00",2.483,107.4,23.7,29.23,37.66,671.3,0.0,274.9,13.0
"2024-07-07 09:00:00",2.453,120.7,28.7,31.2,34.37,671.3,0.0,520.9,12.91
"2024-07-07 10:00:00",2.203,157.6,54.13,33.12,30.04,671.2,0.0,664.0,12.74
"2024-07-07 11:00:00",1.946,203.2,74.03,34.71,26.32,671.2,0.0,784.3,12.76
"2024-07-07 12:00:00",1.947,254.9,65.23,35.69,23.64,671.1,0.0,864.0,12.85
"2024-07-07 13:00:00",2.359,250.2,64.21,36.62,21.16,670.8,0.0,888.0,13.02
"2024-07-07 14:00:00",2.326,226.1,63.85,37.35,19.61,670.3,0.0,856.0,13.05
"2024-07-07 15:00:00",2.182,272.4,57.78,37.91,17.31,669.7,0.0,776.4,13.01
"2024-07-07 16:00:00",1.891,265.4,71.65,38.74,15.48,669.0,0.0,650.3,13.06
"2024-07-07 17:00:00",1.857,278.5,56.73,38.46,15.44,668.5,0.0,485.1,13.08
"2024-07-07 18:00:00",1.655,286.6,63.15,38.23,15.74,668.0,0.0,310.4,13.06
"2024-07-07 19:00:00",1.026,304.7,38.15,36.93,16.77,667.9,0.0,,13.08
"2024-07-07 20:00:00",0.34,336.3,28.68,34.43,19.96,668.1,0.0,8.32,13.07
"2024-07-07 21:00:00",0.038,349.3,8.67,31.56,24.82,668.4,0.0,-0.031,13.17
"2024-07-07 22:00:00",0.205,11.9,30.12,29.28,28.8,668.6,0.0,-0.038,13.2
"2024-07-07 23:00:00",0.205,308.3,26.88,28.22,30.33,668.7,0.0,-0.038,13.22
"2024-07-08 00:00:00",0.075,332.0,10.81,26.38,34.39,668.8,0.0,-0.038,13.29
"2024-07-08 01:00:00",0.055,253.2,1.81,25.25,37.46,668.8,0.0,-0.038,13.28
"2024-07-08 02:00:00",0.207,296.7,21.98,24.59,38.63,668.7,0.0,-0.036,13.32
"2024-07-08 03:00:00",0.037,207.9,22.43,24.75,38.2,668.6,0.0,-0.034,13.32
"2024-07-08 04:00:00",0.0,326.8,0.002,23.47,41.74,668.5,0.0,-0.034,13.34
"2024-07-08 05:00:00",0.034,232.1,12.14,23.36,40.83,668.8,0.0,-0.029,12.86
"2024-07-08 06:00:00",0.016,177.4,8.3,22.7,42.07,669.0,0.0,7.257,13.23
"2024-07-08 07:00:00",0.023,269.3,4.864,22.41,44.34,669.3,0.0,37.08,13.26
"2024-07-08 08:00:00",0.307,166.9,46.94,27.92,33.16,669.5,0.0,267.8,13.17
"2024-07-08 09:00:00",0.252,48.41,27.44,33.5,24.48,669.4,0.0,504.5,13.06
"2024-07-08 10:00:00",0.645,9.98,35.05,37.68,15.93,669.3,0.0,661.9,12.94
"2024-07-08 11:00:00",0.789,359.5,50.82,40.06,8.33,669.1,0.0,789.8,12.94
"2024-07-08 12:00:00",1.131,334.6,49.08,40.5,5.473,668.9,0.0,870.0,12.95
"2024-07-08 13:00:00",1.467,27.12,39.06,40.96,5.333,668.5,0.0,900.0,12.95
"2024-07-08 14:00:00",1.391,268.8,61.05,41.55,6.974,668.0,0.0,852.0,12.97
"2024-07-08 15:00:00",2.14,241.4,63.16,40.46,10.49,667.6,0.0,762.6,13.01
"2024-07-08 16:00:00",2.286,202.5,70.09,40.36,9.57,667.1,0.0,628.8,13.03
"2024-07-08 17:00:00",2.082,254.6,70.17,40.01,8.26,666.7,0.0,469.7,13.03
"2024-07-08 18:00:00",1.857,271.8,75.48,39.65,7.175,666.5,0.0,297.4,13.03
"2024-07-08 19:00:00",1.237,292.3,61.66,38.56,7.471,666.7,0.0,97.3,13.04
"2024-07-08 20:00:00",0.074,327.4,19.46,35.69,10.52,667.0,0.0,8.53,13.11
"2024-07-08 21:00:00",0.038,251.2,3.563,30.93,15.85,667.6,0.0,-0.032,13.16
"2024-07-08 22:00:00",0.065,270.1,4.288,30.06,16.9,668.3,0.0,-0.038,13.23
"2024-07-08 23:00:00",0.0,0.0,0.0,28.69,19.35,668.7,0.0,-0.037,13.22
"2024-07-09 00:00:00",0.0,0.0,0.0,27.64,21.48,668.8,0.0,-0.036,13.28
"2024-07-09 01:00:00",0.013,219.6,3.333,26.52,23.41,668.9,0.0,-0.035,13.29
"2024-07-09 02:00:00",0.274,255.4,12.76,25.52,25.1,668.9,0.0,-0.036,13.29
"2024-07-09 03:00:00",1.633,228.5,49.8,28.37,25.74,669.1,0.0,-0.031,13.29
"2024-07-09 04:00:00",1.91,178.8,54.94,29.11,31.26,669.2,0.0,-0.033,13.23
"2024-07-09 05:00:00",2.122,187.6,49.96,28.82,33.23,669.6,0.0,-0.027,13.23
"2024-07-09 06:00:00",2.989,153.1,44.28,28.43,34.21,670.1,0.0,7.701,13.26
"2024-07-09 07:00:00",1.859,180.9,44.89,28.21,35.19,670.6,0.0,,13.22
"2024-07-09 08:00:00",1.088,162.5,46.05,30.24,32.11,671.0,0.0,246.8,13.15
"2024-07-09 09:00:00",1.557,147.4,57.85,32.23,29.24,671.3,0.0,500.6,13.09
"2024-07-09 10:00:00",1.379,134.3,77.34,34.4,25.58,671.3,0.0,641.3,13.0
"2024-07-09 11:00:00",0.926,95.0,68.55,36.25,22.74,671.1,0.0,762.2,12.99
"2024-07-09 12:00:00",1.287,1.232,58.61,37.95,20.39,670.8,0.0,838.0,12.98
"2024-07-09 13:00:00",1.444,295.6,53.97,38.95,18.61,670.4,0.0,859.0,12.98
"2024-07-09 14:00:00",1.195,9.75,66.92,39.72,16.18,669.9,0.0,683.6,13.02
"2024-07-09 15:00:00",1.408,3.365,60.42,40.45,14.43,669.3,0.0,756.7,13.03
"2024-07-09 16:00:00",1.492,267.5,57.68,40.3,13.19,668.8,0.0,637.7,13.02
"2024-07-09 17:00:00",2.185,215.1,58.45,39.6,12.31,668.6,0.0,390.8,13.01
"2024-07-09 18:00:00",2.024,312.6,58.74,35.66,12.12,668.6,0.0,75.15,13.08
"2024-07-09 19:00:00",1.99,134.1,38.43,36.84,10.32,668.5,0.0,61.04,13.13
"2024-07-09 20:00:00",1.513,146.0,42.76,35.74,12.7,669.0,0.0,9.9,13.16
"2024-07-09 21:00:00",0.922,110.3,19.69,33.51,13.99,669.4,0.0,-0.033,13.17
"2024-07-09 22:00:00",0.053,35.78,5.614,29.64,17.94,669.9,0.0,-0.039,13.2
"2024-07-09 23:00:00",0.266,135.1,34.63,28.21,20.11,670.1,0.0,-0.038,13.21
"2024-07-10 00:00:00",0.434,319.9,38.09,26.73,23.37,670.4,0.0,-0.034,13.29
"2024-07-10 01:00:00",0.801,52.36,31.88,27.53,21.95,670.7,0.0,-0.032,13.32
"2024-07-10 02:00:00",1.034,110.8,24.8,28.17,21.75,670.8,0.0,-0.033,13.29
"2024-07-10 03:00:00",1.491,126.4,24.94,27.45,24.19,671.0,0.0,-0.032,13.32
"2024-07-10 04:00:00",1.278,126.0,21.1,26.45,27.51,671.2,0.0,-0.03,13.03
"2024-07-10 05:00:00",1.25,128.9,18.8,26.18,28.93,671.3,0.0,-0.028,13.05
"2024-07-10 06:00:00",0.983,111.1,19.59,25.64,31.06,671.5,0.0,8.46,12.85
"2024-07-10 07:00:00",0.0,0.0,0.0,24.73,34.84,671.9,0.0,38.48,13.23
"2024-07-10 08:00:00",1.131,143.3,28.72,29.33,27.34,672.4,0.0,253.7,13.19
"2024-07-10 09:00:00",1.095,137.6,33.57,32.51,22.97,672.5,0.0,484.3,13.1
"2024-07-10 10:00:00",1.24,102.0,46.87,35.04,19.64,672.3,0.0,631.8,12.97
"2024-07-10 11:00:00",1.82,109.6,47.82,35.51,19.05,672.3,0.0,751.3,13.03
"2024-07-10 12:00:00",1.379,339.2,44.45,37.72,17.44,671.8,0.0,835.0,12.98
"2024-07-10 13:00:00",1.273,328.6,39.73,39.32,15.64,671.3,0.0,859.0,12.99
"2024-07-10 14:00:00",1.943,254.8,53.23,39.37,15.12,670.8,0.0,827.0,13.01
"2024-07-10 15:00:00",2.129,267.3,62.57,39.54,13.83,670.2,0.0,744.8,13.01
"2024-07-10 16:00:00",2.18,272.8,54.54,39.13,13.02,669.7,0.0,615.4,13.05
"2024-07-10 17:00:00",1.66,284.4,48.95,38.94,12.38,669.3,0.0,458.2,13.08
"2024-07-10 18:00:00",1.773,280.3,56.31,38.1,13.7,669.1,0.0,286.0,12.8
"2024-07-10 19:00:00",1.105,273.5,42.61,37.26,14.83,669.3,0.0,90.3,12.93
"2024-07-10 20:00:00",0.23,322.1,26.27,35.1,17.36,669.4,0.0,6.876,13.12
"2024-07-10 21:00:00",0.021,1.776,4.69,31.32,23.22,669.4,0.0,-0.043,13.19
"2024-07-10 22:00:00",0.529,113.6,31.2,30.28,22.75,669.9,0.0,-0.036,13.2
"2024-07-10 23:00:00",0.141,26.98,14.24,28.75,25.71,670.5,0.0,-0.038,13.23
"2024-07-11 00:00:00",0.026,352.1,5.507,27.53,28.12,670.5,0.0,-0.038,13.28
"2024-07-11 01:00:00",0.129,331.0,22.56,26.5,30.33,670.4,0.0,-0.035,13.29
"2024-07-11 02:00:00",0.099,280.6,23.23,26.95,29.37,671.1,0.0,-0.033,13.29
"2024-07-11 03:00:00",0.367,152.1,34.12,27.07,31.02,671.3,0.0,-0.034,13.32
"2024-07-11 04:00:00",0.717,132.8,34.43,27.11,31.5,671.7,0.0,-0.032,13.3
"2024-07-11 05:00:00",0.945,135.6,27.66,26.38,33.56,672.0,0.0,-0.029,12.88
"2024-07-11 06:00:00",1.08,133.2,28.07,25.97,34.62,672.4,0.0,,13.27
"2024-07-11 07:00:00",0.99,127.8,23.04,26.28,34.36,672.7,0.0,46.6,13.27
"2024-07-11 08:00:00",1.391,124.2,25.23,29.3,29.67,672.9,0.0,241.1,13.17
"2024-07-11 09:00:00",2.125,112.0,26.13,30.86,27.04,672.9,0.0,466.5,13.17
"2024-07-11 10:00:00",1.094,132.1,64.15,33.64,23.74,672.7,0.0,620.5,13.03
"2024-07-11 11:00:00",1.251,78.07,61.51,35.61,21.32,672.4,0.0,746.5,12.99
"2024-07-11 12:00:00",1.023,216.9,71.89,37.5,19.3,672.0,0.0,816.0,12.99
"2024-07-11 13:00:00",1.19,323.6,57.03,39.04,17.04,671.4,0.0,829.0,12.98
"2024-07-11 14:00:00",1.122,20.24,56.11,40.12,15.72,670.6,0.0,808.0,13.01
"2024-07-11 15:00:00",1.289,11.68,51.23,40.65,15.28,670.2,0.0,761.4,13.02
"2024-07-11 16:00:00",1.851,3.604,56.45,40.56,12.29,670.1,0.0,454.3,13.0
"2024-07-11 17:00:00",3.753,132.6,40.95,32.73,20.78,670.7,0.0,62.01,13.08
"2024-07-11 18:00:00",1.593,256.2,40.54,33.78,15.41,669.7,0.0,45.22,13.18
"2024-07-11 19:00:00",2.683,122.5,30.87,33.75,15.96,670.3,0.0,42.86,13.16
"2024-07-11 20:00:00",1.723,108.8,57.08,32.52,18.29,670.6,0.0,11.07,13.2
"2024-07-11 21:00:00",0.557,204.7,39.13,31.54,20.22,671.2,0.0,-0.036,13.21
"2024-07-11 22:00:00",0.716,135.6,22.9,30.22,22.43,671.5,0.0,-0.036,13.21
"2024-07-11 23:00:00",1.085,118.3,29.96,29.59,23.44,671.8,0.0,-0.034,13.22
"2024-07-12 00:00:00",0.586,33.38,36.35,28.44,25.14,671.8,0.0,-0.036,13.25
"2024-07-12 01:00:00",0.609,37.37,47.98,28.02,26.63,671.6,0.0,-0.035,13.27
"2024-07-12 02:00:00",0.347,81.3,18.29,26.22,30.46,671.7,0.0,-0.035,13.29
"2024-07-12 03:00:00",0.438,110.1,27.07,24.95,32.9,671.6,0.0,-0.032,13.31
"2024-07-12 04:00:00",0.019,337.1,6.759,22.51,38.99,671.8,0.0,-0.036,13.34
"2024-07-12 05:00:00",0.104,326.3,22.63,21.84,40.46,672.1,0.0,-0.031,12.94
"2024-07-12 06:00:00",0.054,19.84,11.56,21.52,41.57,672.3,0.0,6.904,13.29
"2024-07-12 07:00:00",0.07,218.7,9.4,21.89,42.07,672.8,0.0,,13.28
"2024-07-12 08:00:00",0.547,25.33,16.56,27.28,30.7,672.8,0.0,260.5,13.19
"2024-07-12 09:00:00",0.802,16.09,30.54,32.93,21.96,673.0,0.0,497.0,13.06
"2024-07-12 10:00:00",2.616,143.3,45.03,33.07,20.62,672.8,0.0,641.9,13.01
"2024-07-12 11:00:00",1.852,136.6,66.58,34.62,19.15,672.6,0.0,763.5,13.02
"2024-07-12 12:00:00",1.308,75.39,64.69,37.12,16.47,672.2,0.0,841.0,13.0
"2024-07-12 13:00:00",2.125,174.2,62.79,38.14,15.02,671.7,0.0,865.0,13.01
"2024-07-12 14:00:00",1.675,164.5,44.99,38.25,14.49,671.2,0.0,837.0,13.04
"2024-07-12 15:00:00",2.942,151.9,49.59,38.4,14.16,670.7,0.0,717.1,13.06
"2024-07-12 16:00:00",2.043,137.9,61.78,38.69,13.47,670.2,0.0,590.6,13.06
"2024-07-12 17:00:00",1.86,154.7,41.79,38.12,14.09,669.8,0.0,208.5,13.07
"2024-07-12 18:00:00",0.665,269.1,29.77,38.5,13.18,669.6,0.0,219.8,13.06
"2024-07-12 19:00:00",0.731,266.5,25.16,38.18,13.38,669.7,0.0,103.5,13.04
"2024-07-12 20:00:00",0.521,243.7,24.38,36.37,15.27,670.0,0.0,,13.11
"2024-07-12 21:00:00",0.04,338.6,3.063,32.49,21.18,670.5,0.0,-0.041,13.14
"2024-07-12 22:00:00",0.006,253.2,0.462,30.39,23.82,671.2,0.0,-0.039,13.2
"2024-07-12 23:00:00",0.06,17.72,13.75,30.37,23.93,671.8,0.0,-0.038,13.16
"2024-07-13 00:00:00",0.161,324.0,22.77,29.68,25.15,672.2,0.0,-0.038,13.2
"2024-07-13 01:00:00",0.368,333.4,41.26,30.77,23.67,672.7,0.0,-0.036,13.2
"2024-07-13 02:00:00",0.184,337.0,32.86,29.14,27.29,672.7,0.0,-0.034,13.21
"2024-07-13 03:00:00",0.074,275.7,13.53,27.4,30.99,672.4,0.0,-0.037,13.27
"2024-07-13 04:00:00",0.311,67.07,17.69,25.02,35.99,672.5,0.0,-0.033,13.3
"2024-07-13 05:00:00",0.121,151.2,13.71,23.62,38.99,672.7,0.0,-0.031,12.64
"2024-07-13 06:00:00",0.025,161.5,4.581,22.88,40.75,673.1,0.0,6.522,12.7
"2024-07-13 07:00:00",0.097,153.5,30.88,23.15,40.01,673.5,0.0,,12.81
"2024-07-13 08:00:00",1.925,197.4,43.16,28.87,27.36,673.7,0.0,264.6,12.85
"2024-07-13 09:00:00",3.445,141.5,31.82,31.82,18.5,673.8,0.0,508.3,12.94
"2024-07-13 10:00:00",2.016,133.1,50.94,33.92,16.36,673.8,0.0,650.9,12.97
"2024-07-13 11:00:00",1.618,118.4,71.45,36.88,12.91,673.7,0.0,771.1,13.01
"2024-07-13 12:00:00",1.735,130.9,55.48,37.75,11.64,673.5,0.0,838.0,13.0
"2024-07-13 13:00:00",2.294,156.2,52.03,38.34,10.46,673.1,0.0,867.0,13.02
"2024-07-13 14:00:00",2.175,167.5,61.21,38.93,10.79,672.7,0.0,840.0,13.03
"2024-07-13 15:00:00",2.24,176.5,58.08,39.15,12.69,672.3,0.0,764.3,13.06
"2024-07-13 16:00:00",1.807,269.7,52.9,39.36,13.06,671.8,0.0,655.3,13.05
"2024-07-13 17:00:00",1.983,299.8,58.1,38.27,14.07,671.3,0.0,471.8,13.05
"2024-07-13 18:00:00",1.262,268.7,42.39,38.42,14.25,671.0,0.0,289.2,13.09
"2024-07-13 19:00:00",0.793,292.3,45.58,37.26,16.32,671.2,0.0,87.4,13.06
"2024-07-13 20:00:00",0.448,304.4,25.2,34.93,19.68,671.6,0.0,7.671,13.13
"2024-07-13 21:00:00",0.105,335.2,11.09,32.44,24.09,672.0,0.0,-0.041,13.16
"2024-07-13 22:00:00",0.025,348.8,3.683,29.04,29.59,672.4,0.0,-0.038,13.18
"2024-07-13 23:00:00",0.162,241.1,9.19,28.9,29.1,672.7,0.0,-0.038,13.21
"2024-07-14 00:00:00",0.002,203.4,0.652,28.61,28.78,673.0,0.0,-0.037,13.26
"2024-07-14 01:00:00",0.098,319.4,20.44,27.71,30.95,673.2,0.0,-0.039,13.23
"2024-07-14 02:00:00",0.086,342.3,17.68,27.0,32.29,673.3,0.0,-0.036,13.29
"2024-07-14 03:00:00",0.372,279.7,43.58,26.74,35.9,673.1,0.0,-0.034,13.27
"2024-07-14 04:00:00",2.191,145.5,47.53,28.49,42.11,673.6,0.0,-0.032,13.26
"2024-07-14 05:00:00",2.132,139.4,38.23,27.09,51.13,673.8,0.0,-0.03,13.21
"2024-07-14 06:00:00",1.267,157.4,47.66,25.98,56.66,674.2,0.0,6.618,13.21
"2024-07-14 07:00:00",0.786,166.6,44.93,25.76,57.54,674.4,0.0,31.89,13.21
"2024-07-14 08:00:00",1.538,153.7,46.6,27.81,50.51,674.9,0.0,242.9,13.16
"2024-07-14 09:00:00",1.477,286.8,48.45,29.66,44.2,675.0,0.0,480.0,13.07
"2024-07-14 10:00:00",1.632,277.2,68.71,31.16,41.26,674.7,0.0,624.2,13.03
"2024-07-14 11:00:00",1.43,237.6,71.24,33.0,36.58,674.5,0.0,745.5,13.01
"2024-07-14 12:00:00",1.618,282.9,48.25,34.14,33.57,674.2,0.0,825.0,13.03
"2024-07-14 13:00:00",1.97,265.8,63.12,34.6,32.25,673.8,0.0,848.0,13.03
"2024-07-14 14:00:00",1.948,202.5,67.11,35.33,30.65,673.4,0.0,821.0,13.08
"2024-07-14 15:00:00",2.456,192.4,66.18,35.24,29.21,672.8,0.0,739.3,13.09
"2024-07-14 16:00:00",2.628,192.2,72.5,35.11,28.88,672.1,0.0,618.4,13.11
"2024-07-14 17:00:00",1.982,272.5,57.6,35.11,29.24,671.9,0.0,453.7,13.11
"2024-07-14 18:00:00",1.339,282.4,49.57,35.05,29.27,671.8,0.0,217.7,13.11
"2024-07-14 19:00:00",0.334,325.3,29.86,34.45,25.63,672.3,0.0,69.21,13.13
"2024-07-14 20:00:00",0.286,332.2,38.27,32.32,28.09,672.2,0.0,8.03,13.14
"2024-07-14 21:00:00",1.851,264.8,72.15,31.92,32.4,672.6,0.0,-0.034,13.2
"2024-07-14 22:00:00",1.759,16.59,44.86,28.9,36.27,673.3,0.0,-0.034,13.2
"2024-07-14 23:00:00",0.98,31.64,32.59,27.91,42.06,673.8,0.0,-0.035,13.23
"2024-07-15 00:00:00",0.502,334.5,33.75,28.15,44.63,673.7,0.0,-0.037,13.29
"2024-07-15 01:00:00",0.064,300.1,10.29,27.51,48.08,673.7,0.0,-0.038,13.26
"2024-07-15 02:00:00",0.175,307.6,16.19,27.13,50.77,673.7,0.0,-0.036,13.29
"2024-07-15 03:00:00",0.107,317.9,16.39,26.46,52.79,673.4,0.0,-0.036,13.26
"2024-07-15 04:00:00",0.022,260.3,2.033,25.15,56.78,673.2,0.0,-0.036,13.29
"2024-07-15 05:00:00",0.01,283.1,0.978,24.03,60.47,673.2,0.0,-0.035,13.2
"2024-07-15 06:00:00",0.008,1.039,1.5,23.09,63.32,673.3,0.0,7.476,13.21
"2024-07-15 07:00:00",0.157,320.6,18.1,23.81,62.5,673.7,0.0,,13.27
"2024-07-15 08:00:00",1.011,294.0,28.79,27.69,51.05,673.9,0.0,238.3,13.18
"2024-07-15 09:00:00",1.295,271.8,50.13,29.88,43.87,673.9,0.0,442.0,13.08
"2024-07-15 10:00:00",1.32,163.8,84.1,31.12,40.75,673.8,0.0,548.5,13.07
"2024-07-15 11:00:00",1.562,244.9,51.54,31.89,38.01,673.4,0.0,437.7,13.08
"2024-07-15 12:00:00",1.994,214.3,81.7,32.88,34.76,673.0,0.0,674.2,13.07
"2024-07-15 13:00:00",1.877,277.0,58.46,34.34,30.37,672.4,0.0,762.9,13.08
"2024-07-15 14:00:00",1.825,257.5,61.85,35.67,26.96,671.8,0.0,817.0,13.1
"2024-07-15 15:00:00",2.486,261.7,54.41,35.44,26.3,670.9,0.0,740.9,13.1
"2024-07-15 16:00:00",2.113,286.5,52.66,35.77,24.57,670.2,0.0,618.2,13.11
"2024-07-15 17:00:00",1.772,255.9,54.98,35.68,23.98,669.8,0.0,468.3,13.11
"2024-07-15 18:00:00",0.75,300.6,39.22,35.96,23.04,670.0,0.0,201.1,13.1
"2024-07-15 19:00:00",0.444,318.1,35.58,34.86,23.42,670.0,0.0,91.9,13.12
"2024-07-15 20:00:00",0.642,303.8,25.5,33.16,27.07,670.3,0.0,7.772,13.13
"2024-07-15 21:00:00",0.306,318.5,31.33,31.35,27.93,671.2,0.0,-0.036,13.13
"2024-07-15 22:00:00",0.075,332.1,21.09,29.59,29.03,671.6,0.0,-0.038,13.2
"2024-07-15 23:00:00",0.213,42.33,36.27,28.23,31.28,672.0,0.0,-0.039,13.17
"2024-07-16 00:00:00",0.2,31.92,14.91,26.95,34.82,672.1,0.0,-0.037,13.25
"2024-07-16 01:00:00",0.429,355.3,42.23,26.92,46.3,671.8,0.0,-0.034,13.28
"2024-07-16 02:00:00",1.459,127.8,43.26,26.82,49.42,671.7,0.0,-0.032,13.27
"2024-07-16 03:00:00",0.627,138.4,32.98,26.53,50.24,671.5,0.0,-0.034,13.27
"2024-07-16 04:00:00",1.721,190.3,50.8,26.52,48.77,671.5,0.0,-0.033,13.29
"2024-07-16 05:00:00",1.71,140.6,53.39,26.38,47.94,671.8,0.0,-0.031,13.15
"2024-07-16 06:00:00",1.332,168.7,46.45,26.18,47.67,672.0,0.0,9.98,13.26
"2024-07-16 07:00:00",1.49,119.5,31.2,26.22,47.29,672.4,0.0,31.22,13.24
"2024-07-16 08:00:00",1.132,116.9,40.43,28.5,41.71,672.8,0.0,240.6,13.12
"2024-07-16 09:00:00",1.08,288.1,59.91,30.8,36.77,672.8,0.0,479.2,13.04
"2024-07-16 10:00:00",1.422,274.8,51.92,31.73,34.31,672.8,0.0,625.6,13.0
"2024-07-16 11:00:00",1.715,264.6,53.41,32.72,32.16,672.5,0.0,748.3,12.99
"2024-07-16 12:00:00",1.835,266.2,57.82,34.02,29.35,672.1,0.0,834.0,13.03
"2024-07-16 13:00:00",2.192,247.8,70.78,34.79,27.62,671.7,0.0,850.0,13.05
"2024-07-16 14:00:00",1.867,274.6,57.77,35.64,25.6,671.1,0.0,823.0,13.08
"2024-07-16 15:00:00",2.46,258.3,63.19,35.55,25.32,670.4,0.0,741.7,13.07
"2024-07-16 16:00:00",2.335,253.0,63.66,35.9,24.56,669.9,0.0,613.3,13.09
"2024-07-16 17:00:00",2.008,222.9,65.02,35.62,24.57,669.5,0.0,455.9,13.11
"2024-07-16 18:00:00",1.403,262.6,63.89,35.94,23.47,669.4,0.0,284.5,13.1
"2024-07-16 19:00:00",0.799,335.9,32.47,35.82,21.85,669.8,0.0,,13.09
"2024-07-16 20:00:00",1.161,354.7,14.07,33.33,20.26,670.1,0.0,8.27,13.11
"2024-07-16 21:00:00",0.744,137.5,21.06,31.81,21.83,670.5,0.0,-0.033,13.2
"2024-07-16 22:00:00",0.0,309.3,0.0,28.49,28.35,670.5,0.0,-0.04,13.2
"2024-07-16 23:00:00",0.198,97.6,19.06,27.37,29.93,670.8,0.0,-0.037,13.22
"2024-07-17 00:00:00",0.023,1.185,1.205,26.39,32.71,670.9,0.0,-0.037,13.27
"2024-07-17 01:00:00",0.071,274.0,15.81,25.83,33.74,671.0,0.0,-0.035,13.28
"2024-07-17 02:00:00",0.215,117.9,29.63,24.48,37.02,670.9,0.0,-0.035,13.33
"2024-07-17 03:00:00",0.067,344.2,10.72,24.78,36.18,671.0,0.0,-0.035,13.33
"2024-07-17 04:00:00",1.593,230.3,63.16,26.74,42.06,671.2,0.0,-0.031,13.33
"2024-07-17 05:00:00",0.948,34.06,47.56,26.98,45.11,671.7,0.0,-0.033,13.22
"2024-07-17 06:00:00",0.795,58.63,48.82,26.07,49.27,672.2,0.0,4.97,13.23
"2024-07-17 07:00:00",0.618,140.8,34.17,25.75,51.18,672.6,0.0,,13.29
"2024-07-17 08:00:00",0.647,70.44,12.74,28.25,44.48,672.7,0.0,248.4,13.17
"2024-07-17 09:00:00",0.876,80.7,38.71,31.52,36.95,672.6,0.0,477.1,13.08
"2024-07-17 10:00:00",1.045,61.24,44.89,33.36,32.76,672.4,0.0,625.7,13.01
"2024-07-17 11:00:00",1.007,66.11,62.99,34.98,26.81,672.2,0.0,750.5,12.97
"2024-07-17 12:00:00",1.241,65.43,69.03,36.46,23.2,671.8,0.0,828.0,12.99
"2024-07-17 13:00:00",1.822,190.9,56.07,37.13,21.51,671.2,2.75,843.0,12.93
"2024-07-17 14:00:00",4.099,66.51,36.45,35.98,25.21,670.0,0.0,823.0,13.06
"2024-07-17 15:00:00",2.828,100.3,53.67,36.97,22.91,669.7,0.0,741.4,13.05
"2024-07-17 16:00:00",3.214,122.2,60.38,36.63,23.38,669.4,0.0,616.8,13.03
"2024-07-17 17:00:00",3.262,144.6,55.89,36.81,22.61,669.1,0.0,460.6,13.04
"2024-07-17 18:00:00",2.734,177.4,42.66,36.53,22.25,669.3,0.0,360.4,13.08
"2024-07-17 19:00:00",3.756,235.8,34.85,35.05,21.42,669.9,0.0,115.3,13.09
"2024-07-17 20:00:00",2.767,229.5,18.76,31.04,28.59,670.5,0.0,18.19,13.16
"2024-07-17 21:00:00",0.549,269.0,12.71,29.38,32.81,670.6,0.0,-0.034,13.18
"2024-07-17 22:00:00",0.366,347.6,15.43,28.72,33.44,670.9,0.0,-0.039,13.22
"2024-07-17 23:00:00",0.123,218.0,4.109,27.79,34.37,671.1,0.0,-0.039,13.18
"2024-07-18 00:00:00",0.132,299.4,17.0,26.56,35.98,671.5,0.0,-0.037,13.27
"2024-07-18 01:00:00",0.428,253.8,6.356,25.64,37.36,671.4,0.0,-0.036,13.3
"2024-07-18 02:00:00",0.195,246.4,6.148,24.9,38.9,671.2,0.0,-0.036,13.3
"2024-07-18 03:00:00",0.137,220.5,6.691,24.8,39.07,671.3,0.0,-0.036,13.34
"2024-07-18 04:00:00",0.138,246.1,2.451,24.6,39.77,671.4,0.0,-0.039,13.34
"2024-07-18 05:00:00",0.242,247.3,16.47,24.22,40.95,671.7,0.0,-0.037,13.13
"2024-07-18 06:00:00",0.668,254.7,31.32,23.47,42.82,672.3,0.0,7.968,13.29
"2024-07-18 07:00:00",0.195,16.45,39.42,24.91,40.7,672.8,0.0,89.9,13.22
"2024-07-18 08:00:00",0.153,81.9,13.68,28.98,33.43,673.0,0.0,185.0,13.12
"2024-07-18 09:00:00",1.039,322.5,31.82,32.9,26.08,673.0,0.0,415.2,13.06
"2024-07-18 10:00:00",2.378,336.1,39.67,33.56,24.33,672.9,0.0,614.9,13.07
"2024-07-18 11:00:00",1.922,311.4,48.62,35.33,21.8,672.8,0.0,730.6,13.04
"2024-07-18 12:00:00",1.89,261.0,54.03,37.23,19.2,672.5,0.0,812.0,13.03
"2024-07-18 13:00:00",2.829,83.1,52.57,37.32,17.63,672.0,0.0,857.0,13.02
"2024-07-18 14:00:00",2.54,118.4,58.06,37.73,17.18,671.4,0.0,646.5,13.04
"2024-07-18 15:00:00",2.533,133.3,58.05,38.25,17.64,670.8,0.0,754.8,13.03
"2024-07-18 16:00:00",2.868,159.5,56.21,38.82,17.12,670.3,0.0,637.1,13.0
"2024-07-18 17:00:00",2.945,160.8,43.29,38.53,18.33,669.9,0.0,471.7,13.0
"2024-07-18 18:00:00",2.047,109.3,49.76,37.61,20.0,669.9,0.0,325.1,13.04
"2024-07-18 19:00:00",4.815,27.2,28.25,30.77,33.87,671.1,0.0,178.6,13.06
"2024-07-18 20:00:00",2.004,74.92,28.5,31.3,29.75,671.7,0.0,45.54,12.86
"2024-07-18 21:00:00",2.057,54.54,29.46,30.31,32.56,672.2,0.0,-0.03,12.81
"2024-07-18 22:00:00",2.339,33.19,39.22,30.04,30.52,672.3,0.0,-0.036,12.65
"2024-07-18 23:00:00",2.661,346.4,25.37,28.95,35.48,672.8,0.0,-0.037,12.57
"2024-07-19 00:00:00",1.633,33.61,27.03,27.67,40.83,673.0,0.0,-0.036,13.05
"2024-07-19 01:00:00",1.209,15.52,28.08,26.93,44.16,672.8,0.0,-0.037,13.28
"2024-07-19 02:00:00",0.706,17.14,25.91,26.41,45.4,672.5,0.0,-0.036,13.28
"2024-07-19 03:00:00",0.196,7.56,13.83,25.63,47.08,672.2,0.0,-0.035,13.28
"2024-07-19 04:00:00",0.103,61.29,13.77,24.55,49.62,672.2,0.0,-0.036,13.33
"2024-07-19 05:00:00",0.051,0.968,2.251,23.73,51.09,672.4,0.0,-0.037,12.42
"2024-07-19 06:00:00",0.056,351.5,3.994,23.56,50.38,672.8,0.0,9.26,13.03
"2024-07-19 07:00:00",0.175,255.0,7.289,24.83,47.36,673.1,0.0,99.0,13.2
"2024-07-19 08:00:00",0.336,346.2,20.57,29.3,36.49,673.2,0.0,185.7,12.92
"2024-07-19 09:00:00",0.836,314.5,43.1,32.47,29.56,673.1,0.0,449.1,13.04
"2024-07-19 10:00:00",1.129,273.7,61.94,34.32,25.73,672.8,0.0,608.9,13.03
"2024-07-19 11:00:00",2.256,284.1,30.67,35.45,22.77,672.5,0.0,738.3,13.04
"2024-07-19 12:00:00",2.205,316.3,41.54,36.37,21.3,672.2,0.0,782.9,13.04
"2024-07-19 13:00:00",2.515,80.5,64.68,36.61,21.58,671.6,0.0,768.5,13.04
"2024-07-19 14:00:00",1.826,258.1,59.7,38.28,19.67,671.0,0.0,709.0,12.99
"2024-07-19 15:00:00",2.271,148.5,63.84,38.9,19.0,670.3,0.0,820.0,13.0
"2024-07-19 16:00:00",2.275,81.7,72.58,37.65,19.89,669.9,0.0,386.5,12.99
"2024-07-19 17:00:00",3.839,62.49,49.73,34.17,29.33,669.7,0.03,137.8,13.07
"2024-07-19 18:00:00",4.922,337.5,56.35,23.65,70.66,671.5,1.29,22.93,13.02
"2024-07-19 19:00:00",0.325,268.8,31.26,21.36,91.3,670.8,0.0,25.44,13.25
"2024-07-19 20:00:00",0.118,267.0,14.34,22.76,88.4,670.5,0.0,10.27,13.21
"2024-07-19 21:00:00",0.316,42.33,28.94,23.33,88.8,670.9,0.0,-0.035,13.16
"2024-07-19 22:00:00",0.268,60.04,39.16,24.07,81.0,671.6,0.0,-0.037,13.17
"2024-07-19 23:00:00",0.614,105.6,32.55,25.2,65.95,671.8,0.0,-0.037,13.18
"2024-07-20 00:00:00",0.796,193.1,30.07,25.62,62.42,671.8,0.0,-0.036,13.3
"2024-07-20 01:00:00",0.43,226.0,22.38,24.67,69.5,671.7,0.0,-0.036,13.32
"2024-07-20 02:00:00",0.473,107.5,30.45,24.5,71.65,671.2,0.0,-0.036,13.31
"2024-07-20 03:00:00",0.313,173.7,36.15,24.27,75.04,670.8,0.0,-0.035,13.14
"2024-07-20 04:00:00",0.664,264.8,21.61,23.69,78.27,671.0,0.0,-0.037,13.23
"2024-07-20 05:00:00",0.067,200.7,4.847,23.13,80.1,671.2,0.0,-0.035,13.12
"2024-07-20 06:00:00",0.092,133.8,18.71,22.72,82.6,671.4,0.0,5.721,13.26
"2024-07-20 07:00:00",0.023,109.7,4.811,22.9,81.3,671.8,0.0,67.21,13.26
"2024-07-20 08:00:00",0.147,56.01,16.3,26.54,63.3,672.1,0.0,100.8,13.17
"2024-07-20 09:00:00",0.188,45.64,30.81,28.75,57.03,672.2,0.0,358.7,13.16
"2024-07-20 10:00:00",0.879,281.5,25.29,32.77,40.05,672.0,0.0,612.5,13.09
"2024-07-20 11:00:00",1.657,63.67,47.52,34.34,30.86,671.9,0.0,740.4,13.06
"2024-07-20 12:00:00",2.58,133.4,55.92,35.01,28.27,671.6,0.0,826.0,13.08
"2024-07-20 13:00:00",2.251,131.0,59.2,36.02,27.11,671.2,0.0,855.0,13.05
"2024-07-20 14:00:00",2.454,113.6,70.19,36.2,26.03,670.6,0.0,824.0,13.06
"2024-07-20 15:00:00",2.523,152.5,52.98,37.02,24.32,670.1,0.0,743.8,13.04
"2024-07-20 16:00:00",2.528,118.9,58.32,37.06,23.52,669.6,0.0,677.4,13.04
"2024-07-20 17:00:00",2.279,263.6,56.11,36.73,25.76,669.2,0.0,490.3,13.02
"2024-07-20 18:00:00",2.95,315.6,27.06,35.53,25.48,669.3,0.0,266.8,12.98
"2024-07-20 19:00:00",0.947,3.895,34.86,32.89,30.54,669.7,0.0,34.52,13.13
"2024-07-20 20:00:00",1.504,85.8,34.05,31.67,33.98,670.4,0.0,4.83,13.17
"2024-07-20 21:00:00",4.87,43.23,35.66,29.84,39.7,671.1,0.0,-0.031,13.14
"2024-07-20 22:00:00",6.287,56.98,30.79,26.61,52.87,671.8,0.0,-0.027,13.22
"2024-07-20 23:00:00",2.753,344.0,64.32,25.66,56.47,672.0,0.0,-0.033,13.19
"2024-07-21 00:00:00",1.62,200.3,40.61,25.8,55.74,671.9,0.0,-0.033,13.32
"2024-07-21 01:00:00",0.767,244.9,27.51,25.08,61.02,671.9,0.0,-0.036,13.32
"2024-07-21 02:00:00",0.452,3.367,30.69,24.8,62.52,671.9,0.0,-0.035,13.29
"2024-07-21 03:00:00",0.322,258.1,41.12,24.67,63.67,671.3,0.0,-0.037,13.34
"2024-07-21 04:00:00",0.474,229.4,15.68,24.08,68.86,671.3,0.0,-0.037,13.34
"2024-07-21 05:00:00",1.018,244.7,45.92,23.29,73.83,671.5,0.0,-0.037,13.1
"2024-07-21 06:00:00",1.089,254.5,20.16,22.63,74.19,671.5,0.0,5.647,13.23
"2024-07-21 07:00:00",0.471,262.7,21.32,23.03,72.56,671.7,0.0,71.35,13.16
"2024-07-21 08:00:00",0.774,47.66,29.48,27.39,53.44,672.0,0.0,171.2,13.14
"2024-07-21 09:00:00",1.66,345.5,60.44,29.0,43.78,672.1,0.0,454.5,13.13
"2024-07-21 10:00:00",1.595,324.1,38.45,30.62,39.81,672.2,0.0,609.3,13.09
"2024-07-21 11:00:00",1.295,335.3,42.24,32.27,36.0,672.1,0.0,732.9,13.09
"2024-07-25 15:00:00",2.468,294.0,40.8,38.59,21.89,671.8,0.0,788.4,13.11
"2024-07-25 16:00:00",2.571,303.3,48.95,37.05,25.44,671.7,0.0,223.4,13.05
"2024-07-25 17:00:00",3.339,29.48,34.86,29.46,48.85,672.2,0.05,,13.15
"2024-07-25 18:00:00",2.04,313.9,29.51,23.42,73.79,673.2,0.01,4.401,13.21
"2024-07-25 19:00:00",0.913,7.865,38.19,23.61,75.69,672.7,0.0,2.559,13.17
"2024-07-25 20:00:00",1.894,359.2,24.35,23.07,78.01,672.7,0.0,1.05,13.14
"2024-07-26 10:00:00",0.603,14.45,22.59,30.65,40.61,671.9,0.0,678.3,13.08
"2024-07-26 11:00:00",1.015,353.3,22.26,33.09,34.71,672.0,0.0,696.4,13.02
"2024-07-26 12:00:00",2.085,1.638,17.21,33.3,31.28,671.5,0.0,688.7,13.02
"2024-07-26 13:00:00",2.047,340.1,43.01,35.08,28.16,670.9,0.0,828.0,13.0
"2024-07-26 14:00:00",2.26,275.3,51.43,36.13,26.45,670.3,0.0,801.0,13.01
"2024-07-26 15:00:00",2.636,234.3,57.52,36.18,27.18,669.9,0.0,733.2,13.06
"2024-07-26 16:00:00",3.674,302.3,33.49,34.18,29.55,669.8,0.0,399.5,13.09
"2024-07-26 17:00:00",1.653,40.18,39.61,28.79,41.23,670.6,0.0,61.59,13.2
"2024-07-26 18:00:00",0.728,358.2,27.71,28.93,43.47,669.8,0.0,137.7,13.2
"2024-07-26 19:00:00",1.434,353.2,10.66,29.59,41.63,669.4,0.0,77.75,13.22
"2024-07-26 20:00:00",0.855,345.1,9.9,28.53,45.47,669.3,0.0,4.769,13.21
"2024-07-26 21:00:00",1.233,353.7,11.24,27.38,49.11,669.5,0.0,-0.036,13.17
"2024-07-26 22:00:00",0.58,340.7,10.93,26.38,54.29,670.0,0.0,-0.037,13.19
"2024-07-26 23:00:00",0.143,344.6,3.673,25.09,59.97,670.3,0.0,-0.036,13.15
"2024-07-27 00:00:00",0.767,27.52,11.96,24.87,59.82,670.3,0.0,-0.034,13.32
"2024-07-27 01:00:00",0.568,343.9,12.28,23.71,66.61,670.2,0.0,-0.034,13.35
"2024-07-27 02:00:00",0.68,346.1,19.45,23.69,67.33,670.0,0.0,-0.033,13.36
"2024-07-27 03:00:00",1.197,348.5,19.48,23.51,66.99,670.0,0.0,-0.033,13.35
"2024-07-27 04:00:00",1.712,345.9,18.08,23.31,65.45,670.0,0.0,-0.032,13.36
"2024-07-27 05:00:00",0.714,331.0,31.75,24.62,58.16,669.9,0.0,-0.034,13.01
"2024-07-27 06:00:00",1.026,343.9,10.81,23.56,63.95,670.2,0.0,3.08,13.1
"2024-07-27 07:00:00",0.098,347.8,3.019,23.27,67.23,670.5,0.0,,13.3
"2024-07-27 08:00:00",0.078,145.9,22.8,28.59,49.79,671.0,0.0,156.9,13.18
"2024-07-27 09:00:00",0.94,23.29,27.24,30.47,43.16,671.0,0.0,408.4,13.1
"2024-07-27 10:00:00",0.738,123.1,42.62,32.65,37.23,670.8,0.0,596.5,13.0
"2024-07-27 11:00:00",1.623,346.7,48.83,32.94,35.84,670.4,0.0,715.9,13.01
"2024-07-27 12:00:00",1.766,310.3,61.17,34.55,31.64,670.0,0.0,797.1,12.92
"2024-07-27 13:00:00",1.995,270.8,58.29,35.53,28.93,669.6,0.0,823.0,13.03
"2024-07-27 14:00:00",2.2,239.1,50.28,36.11,26.23,669.1,0.0,799.5,12.9
"2024-07-27 15:00:00",2.371,213.5,65.11,36.42,25.48,668.6,0.0,723.9,13.06
"2024-07-27 16:00:00",2.739,217.4,64.2,36.04,25.04,668.2,0.0,604.8,13.09
"2024-07-27 17:00:00",2.198,240.2,62.71,35.8,24.44,668.0,0.0,454.8,12.96
"2024-07-27 18:00:00",1.73,268.3,57.8,35.33,25.14,667.9,0.0,283.2,13.14
"2024-07-27 19:00:00",1.37,277.3,59.28,34.23,26.22,668.1,0.0,71.08,13.12
"2024-07-27 20:00:00",1.085,303.9,33.04,33.1,26.74,668.3,0.0,6.219,13.13
"2024-07-27 21:00:00",1.031,305.8,33.23,31.0,31.77,668.9,0.0,-0.038,13.21
"2024-07-27 22:00:00",2.738,226.4,47.31,30.0,37.37,669.8,0.0,-0.033,13.17
"2024-07-27 23:00:00",1.205,348.4,42.52,28.41,41.63,669.8,0.0,-0.035,13.23
"2024-07-28 00:00:00",0.933,340.0,10.48,26.78,47.63,669.7,0.0,-0.036,13.28
"2024-07-28 01:00:00",1.249,342.9,27.16,25.93,49.54,669.8,0.0,-0.033,13.28
"2024-07-28 02:00:00",1.029,341.3,34.33,25.86,50.73,669.6,0.0,-0.034,13.32
"2024-07-28 03:00:00",0.903,337.8,22.44,25.05,53.46,669.7,0.0,-0.032,13.32
"2024-07-28 04:00:00",0.422,333.4,22.46,24.17,57.24,669.8,0.0,-0.032,13.32
"2024-07-28 05:00:00",0.48,341.2,16.98,23.02,63.25,670.0,0.0,-0.035,12.93
"2024-07-28 06:00:00",0.177,170.5,14.93,22.6,64.7,670.4,0.0,3.776,13.19
"2024-07-28 07:00:00",0.119,343.0,22.27,22.32,67.37,670.7,0.0,,13.15
"2024-07-28 08:00:00",0.575,171.0,29.25,25.96,54.87,671.2,0.0,114.3,13.14
"2024-07-28 09:00:00",1.331,154.1,28.82,28.95,43.68,671.3,0.0,212.8,13.2
"2024-07-28 10:00:00",1.34,349.4,40.88,30.57,34.53,671.4,0.0,397.5,13.03
"2024-07-28 11:00:00",1.876,328.4,35.33,33.07,24.13,671.4,0.0,739.3,13.05
"2024-07-28 12:00:00",2.073,315.9,54.62,34.3,24.72,671.2,0.0,805.0,13.0
"2024-07-28 13:00:00",2.301,228.7,64.69,35.37,23.55,671.0,0.0,830.0,13.05
"2024-07-28 14:00:00",2.575,291.3,38.24,35.33,23.64,670.5,0.0,803.0,13.0
"2024-07-28 15:00:00",2.269,257.3,40.69,36.22,23.0,670.0,0.0,724.2,12.82
"2024-07-28 16:00:00",2.384,225.8,50.37,36.25,22.05,669.8,0.0,610.5,13.09
"2024-07-28 17:00:00",2.683,248.0,49.74,35.61,22.91,669.6,0.0,366.3,13.11
"2024-07-28 18:00:00",2.085,209.5,56.99,34.28,24.34,669.8,0.0,77.66,13.13
"2024-07-28 19:00:00",3.061,217.4,44.83,32.91,28.82,670.1,0.0,,13.16
"2024-07-28 20:00:00",3.73,204.0,62.18,30.27,41.03,670.6,0.0,3.024,13.14
"2024-07-28 21:00:00",2.462,182.2,64.53,28.81,45.21,671.1,0.0,-0.033,13.13
"2024-07-28 22:00:00",0.922,108.8,45.21,28.29,45.18,671.2,0.0,-0.036,13.19
"2024-07-28 23:00:00",0.704,342.2,22.53,27.33,47.23,671.1,0.0,-0.039,13.2
"2024-07-29 00:00:00",0.26,337.9,4.87,25.62,53.16,671.2,0.0,-0.036,13.21
"2024-07-29 01:00:00",0.097,350.8,5.695,25.49,53.29,671.4,0.0,-0.034,13.29
"2024-07-29 02:00:00",0.12,347.1,1.955,24.63,56.24,671.7,0.0,-0.036,13.31
"2024-07-29 03:00:00",0.159,350.3,25.36,24.58,58.29,671.7,0.0,-0.033,13.33
"2024-07-29 04:00:00",0.1,328.2,3.331,24.3,60.91,671.7,0.0,-0.033,13.32
"2024-07-29 05:00:00",0.364,334.9,10.41,23.01,65.53,671.8,0.0,-0.033,13.22
"2024-07-29 06:00:00",0.078,314.3,14.05,22.57,65.46,671.9,0.0,3.752,13.25
"2024-07-29 07:00:00",0.044,144.0,3.817,22.97,62.6,672.3,0.0,32.18,13.27
"2024-07-29 08:00:00",0.268,151.9,11.52,26.65,50.45,672.6,0.0,173.0,13.19
"2024-07-29 09:00:00",0.639,19.06,20.23,31.06,36.47,672.6,0.0,467.7,13.08
"2024-07-29 10:00:00",2.275,5.603,26.76,31.5,32.99,672.4,0.0,620.2,13.03
"2024-07-29 11:00:00",1.516,67.26,60.45,33.23,29.21,672.3,0.0,721.7,13.02
"2024-07-29 12:00:00",1.887,34.2,45.21,34.25,26.4,672.1,0.0,722.5,12.98
"2024-07-29 13:00:00",1.873,314.9,50.65,35.36,24.9,671.8,0.0,655.4,13.03
"2024-07-29 14:00:00",2.05,310.9,53.24,36.05,22.27,671.3,0.0,850.0,13.05
"2024-07-29 15:00:00",2.332,239.8,49.88,36.49,19.84,671.0,0.0,614.6,12.83
"2024-07-29 16:00:00",2.28,221.8,67.86,36.44,20.47,670.5,0.0,582.6,12.22
"2024-07-29 17:00:00",2.024,271.0,51.22,35.55,20.1,670.1,0.0,397.1,12.62
"2024-07-29 18:00:00",2.024,304.9,36.87,34.66,19.89,669.9,0.0,219.2,12.56
"2024-07-29 19:00:00",1.758,284.1,34.18,33.35,19.91,670.1,0.0,,12.77
"2024-07-29 20:00:00",0.53,327.5,32.13,31.89,22.67,670.5,0.0,5.64,12.95
"2024-07-29 21:00:00",0.988,339.7,12.06,28.77,30.64,670.7,0.0,-0.037,12.88
"2024-07-29 22:00:00",0.257,341.2,7.754,26.58,34.55,670.8,0.0,-0.036,12.97
"2024-07-29 23:00:00",0.047,2.765,5.122,26.01,36.27,670.9,0.0,-0.037,12.99
"2024-07-30 00:00:00",0.323,334.2,13.68,25.51,40.83,671.1,0.0,-0.034,13.27
"2024-07-30 01:00:00",0.808,312.4,28.32,25.57,45.55,671.3,0.0,-0.032,13.3
"2024-07-30 02:00:00",2.235,124.3,31.85,27.87,44.36,671.5,0.0,-0.031,13.29
"2024-07-30 03:00:00",3.799,117.9,20.27,27.72,45.7,671.5,0.0,-0.029,13.26
"2024-07-30 04:00:00",0.828,48.87,27.33,26.71,49.88,671.5,0.0,-0.034,13.29
"2024-07-30 05:00:00",0.744,6.831,46.49,25.5,52.96,671.6,0.0,-0.035,13.1
"2024-07-30 06:00:00",1.273,350.0,51.41,25.81,49.76,672.0,0.0,7.321,13.08
"2024-07-30 07:00:00",0.337,142.6,31.3,25.62,50.04,672.3,0.0,46.01,13.22
"2024-07-30 08:00:00",0.263,31.21,9.02,28.89,41.98,672.2,0.0,163.0,13.14
"2024-07-30 09:00:00",1.227,3.828,17.57,29.59,39.5,672.1,0.0,290.2,13.13
"2024-07-30 10:00:00",1.426,339.8,38.06,31.7,34.84,672.0,0.0,607.9,13.09
"2024-07-30 11:00:00",1.904,10.28,30.01,32.78,31.13,671.8,0.0,727.4,13.01
"2024-07-30 12:00:00",2.096,320.1,47.94,34.07,28.68,671.5,0.0,814.0,12.99
"2024-07-30 13:00:00",2.311,348.1,39.08,33.96,28.4,671.2,0.0,492.5,12.99
"2024-07-30 14:00:00",2.071,290.0,44.22,34.85,26.18,670.7,0.0,717.1,12.97
"2024-07-30 15:00:00",1.798,19.86,70.64,35.6,24.21,670.1,0.0,679.0,13.09
"2024-07-30 16:00:00",1.807,276.8,51.95,36.43,22.82,669.8,0.0,575.4,12.96
"2024-07-30 17:00:00",1.956,296.4,44.6,35.71,21.88,669.5,0.0,458.2,13.07
"2024-07-30 18:00:00",1.979,268.1,46.69,35.24,19.17,669.5,0.0,273.3,13.14
"2024-07-30 19:00:00",1.732,270.0,44.81,33.96,18.67,669.6,0.0,,13.11
"2024-07-30 20:00:00",0.405,321.1,24.93,32.04,20.39,669.7,0.0,3.857,13.12
"2024-07-30 21:00:00",0.402,342.8,4.948,27.49,30.05,670.1,0.0,-0.036,13.18
"2024-07-30 22:00:00",0.107,347.8,2.12,26.04,32.65,670.4,0.0,-0.033,13.23
"2024-07-30 23:00:00",0.556,323.7,17.94,25.48,37.21,670.7,0.0,-0.034,13.23
"2024-07-31 00:00:00",0.713,347.7,31.86,25.35,43.18,670.7,0.0,-0.034,13.28
"2024-07-31 01:00:00",0.271,279.5,35.46,24.9,46.53,670.4,0.0,-0.033,13.29
"2024-07-31 02:00:00",0.132,190.5,14.21,23.58,52.7,670.3,0.0,-0.035,13.3
"2024-07-31 03:00:00",0.14,158.0,8.52,23.12,52.83,670.3,0.0,-0.035,13.35
"2024-07-31 04:00:00",0.05,157.2,4.532,22.53,53.91,670.5,0.0,-0.033,13.19
"2024-07-31 05:00:00",0.058,343.7,5.643,21.76,56.4,670.6,0.0,-0.036,13.16
"2024-07-31 06:00:00",0.0,0.0,0.0,21.02,60.32,671.1,0.0,2.892,13.17
"2024-07-31 07:00:00",0.151,179.5,6.743,20.57,62.07,671.6,0.0,,13.25
"2024-07-31 08:00:00",0.292,163.2,12.48,26.25,43.8,671.9,0.0,154.2,13.2
"2024-07-31 09:00:00",0.366,144.1,17.83,31.1,34.07,671.9,0.0,454.9,13.09
"2024-07-31 10:00:00",0.453,74.37,37.14,34.43,27.47,671.9,0.0,603.2,12.97
"2024-07-31 11:00:00",1.611,12.85,50.49,34.79,23.77,671.9,0.0,721.2,12.97
"2024-07-31 12:00:00",2.481,151.1,46.02,36.54,23.4,671.5,0.0,794.1,13.02
"2024-07-31 13:00:00",2.356,206.6,50.49,36.9,21.75,671.2,0.0,821.0,13.03
"2024-07-31 14:00:00",2.001,222.6,66.76,36.97,21.18,670.9,0.0,529.9,12.9
"2024-07-31 15:00:00",2.57,173.3,54.87,35.86,22.58,670.8,0.0,348.3,13.08
"2024-07-31 16:00:00",2.465,207.4,44.95,35.1,23.77,670.6,0.0,189.9,13.12
"2024-07-31 17:00:00",3.377,180.5,48.48,33.65,27.56,670.7,0.0,150.5,13.16
"2024-07-31 18:00:00",3.683,140.0,47.36,30.4,38.25,671.1,0.0,83.7,13.2
"2024-07-31 19:00:00",2.844,77.32,56.21,28.86,42.1,671.4,0.0,,13.2
"2024-07-31 20:00:00",2.573,81.2,55.53,27.98,39.7,671.9,0.0,2.858,13.2
"2024-07-31 21:00:00",2.455,219.5,50.94,27.71,41.1,672.2,0.0,-0.033,13.2
"2024-07-31 22:00:00",1.465,165.3,38.13,27.44,42.38,672.7,0.0,-0.034,13.12
"2024-07-31 23:00:00",0.893,305.8,38.35,27.01,42.3,672.6,0.0,-0.036,13.23
"2024-08-01 00:00:00",0.584,102.1,25.13,26.4,44.95,672.6,0.0,-0.036,13.2
"2024-08-01 01:00:00",0.477,340.9,7.725,24.62,52.21,672.6,0.0,-0.035,13.31
"2024-08-01 02:00:00",0.497,331.1,7.416,23.17,54.12,672.4,0.0,-0.034,13.32
"2024-08-01 03:00:00",0.482,79.35,18.37,23.23,53.14,672.4,0.0,-0.033,13.35
"2024-08-01 04:00:00",0.098,121.2,17.33,23.34,52.65,672.5,0.0,-0.031,12.68
"2024-08-01 05:00:00",0.22,77.06,23.19,23.08,53.65,672.9,0.0,-0.036,12.73
"2024-08-01 06:00:00",0.427,151.2,35.87,23.12,51.93,673.4,0.0,3.043,13.22
"2024-08-01 07:00:00",0.091,101.1,3.688,23.09,54.64,674.0,0.0,,13.06
"2024-08-01 08:00:00",0.112,202.3,18.72,25.76,47.64,674.2,0.0,121.6,13.23
"2024-08-01 09:00:00",0.294,58.88,18.36,30.24,35.39,674.3,0.0,408.0,13.14
"2024-08-01 10:00:00",1.22,351.8,35.38,31.87,30.51,674.3,0.0,584.8,13.0
"2024-08-01 11:00:00",1.163,357.3,26.91,32.13,30.12,674.3,0.0,346.4,13.0
"2024-08-01 12:00:00",1.203,338.8,44.98,32.61,30.0,674.0,0.0,340.6,13.11
"2024-08-01 13:00:00",1.417,296.8,36.11,32.91,31.05,674.0,0.0,453.5,13.1
"2024-08-01 14:00:00",1.739,260.6,45.32,32.9,32.4,673.9,0.0,435.1,13.11
"2024-08-01 15:00:00",1.656,261.8,65.69,34.54,29.14,673.4,0.0,723.8,13.03
"2024-08-01 16:00:00",1.992,272.0,45.56,34.6,28.74,672.9,0.0,594.2,13.04
"2024-08-01 17:00:00",1.889,267.8,46.93,34.86,27.5,672.7,0.0,445.0,13.0
"2024-08-01 18:00:00",1.686,274.7,45.91,34.3,27.87,672.7,0.0,283.3,13.13
"2024-08-01 19:00:00",1.293,277.0,41.8,33.46,29.12,673.2,0.0,81.4,13.13
"2024-08-01 20:00:00",0.629,268.0,25.5,32.65,30.57,673.6,0.0,6.376,13.16
"2024-08-01 21:00:00",1.464,182.8,19.29,31.68,33.03,674.1,0.0,-0.036,13.18
"2024-08-01 22:00:00",1.502,122.3,28.11,29.03,41.0,674.8,0.0,-0.032,13.17
"2024-08-01 23:00:00",0.623,4.304,25.49,27.58,45.89,674.9,0.0,-0.037,13.17
"2024-08-02 00:00:00",0.056,323.6,1.691,25.68,51.48,675.0,0.0,-0.034,13.29
"2024-08-02 01:00:00",0.137,322.6,11.51,24.42,55.94,675.2,0.0,-0.034,13.32
"2024-08-02 02:00:00",0.043,149.1,19.26,23.93,57.81,675.2,0.0,-0.032,13.35
"2024-08-02 03:00:00",0.154,344.5,3.373,23.4,60.53,675.2,0.0,-0.033,13.33
"2024-08-02 04:00:00",0.382,332.5,6.606,22.59,63.22,675.1,0.0,-0.032,13.36
"2024-08-02 05:00:00",0.17,358.8,11.17,22.39,64.28,675.2,0.0,-0.032,12.77
"2024-08-02 06:00:00",0.455,340.0,7.211,21.78,66.96,675.2,0.0,2.436,13.22
"2024-08-02 07:00:00",0.308,347.7,4.924,22.15,65.99,675.4,0.0,28.6,13.26
"2024-08-02 08:00:00",0.916,34.3,15.41,26.59,51.14,675.8,0.0,180.3,13.19
"2024-08-02 09:00:00",2.183,357.4,14.3,28.79,43.69,676.0,0.0,489.2,13.14
"2024-08-02 10:00:00",1.643,359.8,13.17,29.49,41.61,675.8,0.0,226.5,13.1
"2024-08-02 11:00:00",1.166,346.4,31.6,31.29,37.31,675.6,0.0,562.4,13.12
"2024-08-02 12:00:00",1.212,356.6,44.13,33.83,31.29,675.2,0.0,544.4,13.06
"2024-08-02 13:00:00",1.411,194.6,54.43,35.95,26.42,674.6,0.0,809.0,12.96
"2024-08-02 14:00:00",1.492,242.5,28.3,37.91,22.88,673.9,0.0,737.0,13.01
"2024-08-02 15:00:00",1.977,350.7,39.7,36.52,23.15,673.1,0.0,519.8,13.03
"2024-08-02 16:00:00",2.52,208.2,43.63,38.37,17.67,672.4,0.0,563.0,12.93
"2024-08-02 17:00:00",1.481,208.3,46.16,38.23,17.44,672.1,0.0,409.7,13.04
"2024-08-02 18:00:00",1.848,322.2,30.14,37.49,19.55,671.8,0.0,320.2,13.09
"2024-08-02 19:00:00",1.648,305.7,28.11,35.87,23.11,671.9,0.0,86.8,13.09
"2024-08-02 20:00:00",1.437,322.7,28.14,34.6,26.07,672.4,0.0,17.04,13.15
"2024-08-02 21:00:00",7.616,117.8,23.26,27.29,48.12,675.0,0.02,-0.016,13.19
"2024-08-02 22:00:00",1.802,149.1,44.79,21.49,77.56,675.7,0.08,-0.024,13.26
"2024-08-02 23:00:00",2.53,141.3,48.59,22.35,73.73,675.4,0.03,-0.028,13.28
"2024-08-03 00:00:00",1.489,348.7,48.32,21.8,81.1,675.2,0.0,-0.034,13.29
"2024-08-03 01:00:00",1.576,322.2,39.19,22.28,77.21,674.2,0.0,-0.029,13.4
"2024-08-03 02:00:00",0.938,55.19,42.44,21.88,81.0,673.5,0.0,-0.031,13.41
"2024-08-03 03:00:00",1.038,0.227,28.5,21.79,79.25,673.5,0.0,-0.032,13.37
"2024-08-03 04:00:00",0.323,321.6,15.81,21.13,84.4,673.7,0.0,-0.033,13.39
"2024-08-03 05:00:00",0.386,128.1,16.17,20.61,87.3,673.8,0.0,-0.034,12.89
"2024-08-03 06:00:00",0.426,116.1,17.75,20.51,86.2,673.9,0.0,3.766,13.25
"2024-08-03 07:00:00",0.521,147.1,21.38,20.45,84.2,673.8,0.0,20.02,13.24
"2024-08-03 08:00:00",0.004,110.6,2.424,24.12,68.37,673.8,0.0,,13.2
"2024-08-03 09:00:00",0.468,115.8,20.2,28.52,47.85,673.8,0.0,473.5,13.13
"2024-08-03 10:00:00",0.825,18.21,19.17,31.12,38.24,673.7,0.0,612.5,13.02
"2024-08-03 11:00:00",0.516,273.8,28.65,33.83,31.83,673.4,0.0,727.9,12.97
"2024-08-03 12:00:00",1.124,167.4,34.8,36.73,23.85,673.0,0.0,809.0,12.95
"2024-08-03 13:00:00",1.851,357.7,41.86,36.84,20.55,672.4,0.0,840.0,12.92
"2024-08-03 14:00:00",1.732,337.4,30.48,37.67,19.67,671.6,0.0,760.5,12.97
"2024-08-03 15:00:00",2.221,347.4,53.15,37.96,18.17,670.9,0.0,575.1,13.05
"2024-08-03 16:00:00",1.93,357.1,16.45,36.9,18.94,670.3,0.0,274.7,13.11
"2024-08-03 17:00:00",1.269,3.525,19.17,37.26,18.28,669.9,0.0,235.4,13.09
"2024-08-03 18:00:00",2.887,188.8,38.69,36.51,19.16,669.8,0.0,131.1,13.12
"2024-08-03 19:00:00",1.245,345.9,10.96,34.38,24.32,670.1,0.0,47.51,13.13
"2024-08-03 20:00:00",0.06,349.0,1.911,31.21,34.08,670.3,0.0,3.324,13.13
"2024-08-03 21:00:00",0.154,351.9,9.82,28.94,41.42,670.9,0.0,-0.036,13.19
"2024-08-03 22:00:00",0.174,304.2,14.98,28.04,43.86,671.4,0.0,-0.036,13.21
"2024-08-03 23:00:00",0.112,269.6,23.92,27.68,43.9,671.7,0.0,-0.036,13.18
"2024-08-04 00:00:00",0.312,188.4,36.01,26.81,46.31,671.8,0.0,-0.034,13.29
"2024-08-04 01:00:00",0.696,342.3,10.44,25.46,50.89,671.8,0.0,-0.033,13.29
"2024-08-04 02:00:00",0.365,289.4,12.29,25.02,51.25,671.8,0.0,-0.031,13.31
"2024-08-04 03:00:00",0.683,174.5,34.6,25.52,47.28,671.7,0.0,-0.03,13.31
"2024-08-04 04:00:00",1.026,324.5,53.41,26.62,40.57,671.5,0.0,-0.031,13.31
"2024-08-04 05:00:00",0.204,343.6,3.175,24.25,49.55,671.3,0.0,-0.034,13.03
"2024-08-04 06:00:00",0.072,351.3,3.677,22.24,58.42,671.6,0.0,2.389,13.24
"2024-08-04 07:00:00",0.226,160.7,15.51,22.92,57.27,671.9,0.0,,13.23
"2024-08-04 08:00:00",0.248,174.0,11.28,25.13,51.81,672.2,0.0,107.6,13.26
"2024-08-04 09:00:00",0.621,112.4,38.61,30.31,37.18,672.3,0.0,501.0,13.06
"2024-08-04 10:00:00",0.839,32.22,32.39,33.39,27.88,672.1,0.0,601.8,13.03
"2024-08-04 11:00:00",0.698,174.2,36.06,36.12,23.77,671.9,0.0,711.3,12.95
"2024-08-04 12:00:00",0.738,108.5,49.15,37.93,20.23,671.4,0.0,757.8,12.95
"2024-08-04 13:00:00",2.1,357.4,40.44,37.07,19.41,670.8,0.0,437.6,13.0
"2024-08-04 14:00:00",2.569,181.9,36.95,38.84,18.53,670.4,0.0,660.3,12.98
"2024-08-04 15:00:00",2.703,272.5,39.13,35.38,21.61,670.4,0.0,221.3,13.08
"2024-08-04 16:00:00",1.357,301.8,31.4,35.16,20.81,670.0,0.0,253.2,13.11
"2024-08-04 17:00:00",0.244,343.1,8.54,35.6,21.67,669.6,0.0,135.7,13.11
"2024-08-04 18:00:00",2.994,342.8,16.65,34.85,23.58,669.8,0.0,92.7,13.11
"2024-08-04 19:00:00",3.405,324.2,20.99,32.27,28.93,670.8,0.0,,13.16
"2024-08-04 20:00:00",0.701,309.6,17.59,30.44,34.16,670.9,0.0,2.397,13.21
"2024-08-04 21:00:00",0.196,341.9,30.81,29.03,38.95,670.8,0.0,-0.037,13.12
"2024-08-04 22:00:00",1.529,335.8,22.4,29.19,37.75,671.5,0.0,-0.037,13.2
"2024-08-04 23:00:00",0.678,347.2,17.75,28.15,41.81,671.9,0.0,-0.035,13.25
"2024-08-05 00:00:00",0.538,0.0,0.0,26.7,46.89,672.0,0.0,-0.032,13.28
"2024-08-05 01:00:00",0.253,318.4,9.52,26.4,48.26,671.8,0.0,-0.034,13.27
"2024-08-05 02:00:00",0.191,167.8,29.8,26.21,49.38,672.0,0.0,-0.033,13.29
"2024-08-05 03:00:00",0.471,335.7,21.53,25.19,52.44,671.6,0.0,-0.033,13.32
"2024-08-05 04:00:00",0.084,26.56,4.053,24.51,54.9,671.1,0.0,-0.034,13.31
"2024-08-05 05:00:00",0.084,8.56,6.852,23.25,59.69,671.4,0.0,-0.034,12.92
"2024-08-05 06:00:00",0.0,0.0,0.0,23.34,59.4,671.7,0.0,2.909,12.81
"2024-08-05 07:00:00",0.055,345.0,1.7,23.76,59.0,672.1,0.0,35.01,12.79
"2024-08-05 08:00:00",0.406,343.6,7.184,25.29,54.54,672.6,0.0,105.7,12.7
"2024-08-05 09:00:00",1.102,349.8,34.05,29.27,40.49,672.9,0.0,192.4,12.69
"2024-08-05 10:00:00",1.626,5.951,22.43,30.96,35.19,672.9,0.0,524.8,12.72
"2024-08-05 11:00:00",1.269,25.52,40.03,33.71,28.4,672.9,0.0,691.7,12.96
"2024-08-05 12:00:00",2.576,8.39,27.54,34.85,25.22,672.4,0.0,802.0,12.97
"2024-08-05 13:00:00",1.645,338.6,42.18,37.14,20.78,672.0,0.0,836.0,13.02
"2024-08-05 14:00:00",3.01,223.7,53.14,37.69,21.67,671.5,0.0,802.0,12.99
"2024-08-05 15:00:00",2.403,228.0,64.89,38.26,20.77,670.9,0.0,726.2,13.08
"2024-08-05 16:00:00",2.191,235.3,55.07,38.25,20.42,670.5,0.0,599.6,13.08
"2024-08-05 17:00:00",2.112,257.2,47.18,37.93,20.74,670.0,0.0,501.9,13.07
"2024-08-05 18:00:00",1.923,247.9,53.06,37.49,20.75,669.9,0.0,213.7,13.07
"2024-08-05 19:00:00",1.411,248.7,43.43,36.06,21.89,670.1,0.0,42.06,13.1
"2024-08-05 20:00:00",0.665,322.6,33.21,34.68,23.45,670.3,0.0,2.785,13.15
"2024-08-05 21:00:00",0.92,339.5,18.73,32.79,27.68,670.8,0.0,-0.038,13.16
"2024-08-05 22:00:00",0.126,328.4,5.367,30.43,33.75,671.2,0.0,-0.038,13.17
"2024-08-05 23:00:00",0.443,140.7,9.64,28.82,38.05,671.4,0.0,-0.035,13.17
"2024-08-06 00:00:00",0.349,134.1,13.73,28.51,39.38,671.4,0.0,-0.036,13.27
"2024-08-06 01:00:00",0.167,110.9,9.04,27.6,42.46,671.3,0.0,-0.035,13.28
"2024-08-06 02:00:00",0.105,139.4,9.49,26.66,45.05,671.3,0.0,-0.035,13.28
"2024-08-06 03:00:00",0.109,146.6,19.69,25.55,48.51,671.3,0.0,-0.035,13.28
"2024-08-06 04:00:00",0.188,184.4,7.809,25.43,49.17,671.4,0.0,-0.033,13.32
"2024-08-06 05:00:00",0.251,346.8,29.12,24.9,50.28,671.9,0.0,-0.033,13.22
"2024-08-06 06:00:00",0.042,294.8,2.041,25.17,48.73,672.7,0.0,4.248,13.25
"2024-08-06 07:00:00",0.742,189.7,49.46,25.92,48.52,673.2,0.0,,13.21
"2024-08-06 08:00:00",0.683,88.7,36.59,29.86,44.29,673.5,0.0,165.2,13.18
"2024-08-06 09:00:00",0.929,54.51,48.49,32.45,39.0,673.7,0.0,447.3,13.07
"2024-08-06 10:00:00",1.27,118.4,57.46,33.95,35.82,673.6,0.0,591.6,13.02
"2024-08-06 11:00:00",1.654,350.1,46.11,34.53,33.02,673.5,0.0,737.0,13.0
"2024-08-06 12:00:00",1.5,245.1,52.3,35.49,31.82,673.1,0.0,626.9,12.98
"2024-08-06 13:00:00",2.243,158.2,64.5,36.91,28.24,672.7,0.0,872.0,13.04
"2024-08-06 14:00:00",2.793,130.7,45.38,37.62,24.95,672.0,0.0,827.0,13.04
"2024-08-06 15:00:00",1.866,233.1,53.24,37.51,26.39,671.5,0.0,509.6,13.07
"2024-08-06 16:00:00",1.796,231.7,54.21,37.0,25.98,671.1,0.0,275.7,13.05
"2024-08-06 17:00:00",1.925,270.9,51.47,36.74,26.69,670.7,0.0,454.5,13.1
"2024-08-06 18:00:00",1.502,268.5,47.27,35.73,27.3,670.7,0.0,49.54,13.11
"2024-08-06 19:00:00",1.608,339.1,24.25,33.98,31.02,671.2,0.0,27.54,13.16
"2024-08-06 20:00:00",2.366,323.9,18.32,31.99,34.39,671.8,0.0,1.101,13.19
"2024-08-06 21:00:00",2.307,225.5,45.96,30.31,40.41,672.9,0.0,-0.032,13.2
"2024-08-06 22:00:00",2.979,267.9,48.13,27.9,48.06,673.7,0.0,-0.031,13.19
"2024-08-06 23:00:00",2.554,204.3,37.73,27.17,50.62,674.4,0.0,-0.032,13.18
"2024-08-07 00:00:00",1.579,195.3,51.95,26.65,52.91,674.3,0.0,-0.03,13.31
"2024-08-07 01:00:00",3.669,165.1,40.25,26.3,54.69,674.4,0.0,-0.027,13.29
"2024-08-07 02:00:00",3.259,182.0,58.32,24.19,60.95,674.5,0.0,-0.027,13.32
"2024-08-07 03:00:00",2.344,196.0,39.95,22.96,60.6,674.7,0.0,-0.03,13.38
"2024-08-07 04:00:00",1.221,332.3,34.05,22.65,61.11,674.5,0.0,-0.031,13.36
"2024-08-07 05:00:00",1.064,343.7,21.9,22.59,63.04,674.7,0.0,-0.035,13.09
"2024-08-07 06:00:00",0.553,33.49,16.85,22.34,64.73,674.7,0.0,4.224,13.25
"2024-08-07 07:00:00",0.353,137.7,30.7,23.32,61.71,674.7,0.0,49.62,13.23
"2024-08-07 08:00:00",0.36,24.65,18.82,26.5,50.75,674.6,0.0,166.1,13.2
"2024-08-07 09:00:00",1.657,1.674,22.5,28.06,45.67,674.5,0.0,463.5,13.14
"2024-08-07 10:00:00",2.124,7.284,34.17,28.81,43.96,674.3,0.0,605.1,13.09
"2024-08-07 11:00:00",1.397,52.63,43.52,31.01,38.66,674.0,0.0,715.6,13.06
"2024-08-07 12:00:00",2.211,127.5,40.06,32.66,36.8,673.4,0.0,786.2,13.05
"2024-08-07 13:00:00",3.922,154.7,39.08,32.67,39.27,672.8,0.0,826.0,13.04
"2024-08-07 14:00:00",2.496,246.0,43.03,32.79,39.79,672.3,0.0,719.7,13.02
"2024-08-07 15:00:00",2.694,274.3,42.02,32.41,40.28,671.7,0.0,711.4,13.13
"2024-08-07 16:00:00",2.048,239.4,64.6,32.45,39.89,671.6,0.0,376.7,13.13
"2024-08-07 17:00:00",2.63,7.034,53.71,29.77,41.37,671.8,0.0,26.41,13.17
"2024-08-07 18:00:00",2.845,122.9,31.55,27.17,50.54,671.8,0.0,7.732,13.26
"2024-08-07 19:00:00",0.803,22.08,22.01,25.14,62.84,671.3,0.0,4.525,13.3
"2024-08-07 20:00:00",1.16,19.47,44.62,24.64,63.65,670.8,0.0,0.572,13.29
"2024-08-07 21:00:00",3.106,140.6,19.69,24.3,61.92,671.8,0.0,-0.027,13.21
"2024-08-07 22:00:00",0.951,73.82,22.12,24.02,60.34,672.1,0.0,-0.033,13.22
"2024-08-07 23:00:00",0.12,102.9,6.676,23.99,60.05,672.2,0.0,-0.033,13.2
"2024-08-08 00:00:00",0.12,146.2,6.297,23.29,63.57,672.2,0.0,-0.033,13.33
"2024-08-08 01:00:00",0.657,337.9,8.54,22.66,66.41,672.1,0.0,-0.032,13.36
"2024-08-08 02:00:00",0.144,346.0,8.79,22.47,66.7,672.1,0.0,-0.032,13.36
"2024-08-08 03:00:00",0.026,298.4,3.38,22.37,67.62,671.9,0.0,-0.032,13.25
"2024-08-08 04:00:00",0.058,340.3,1.508,22.45,68.02,671.7,0.0,-0.034,13.3
"2024-08-08 05:00:00",0.084,342.1,1.164,21.99,71.08,671.7,0.0,-0.036,13.1
"2024-08-08 06:00:00",0.068,327.9,2.548,21.18,74.77,671.7,0.0,2.318,13.24
"2024-08-08 07:00:00",0.0,0.0,0.0,21.31,74.25,671.7,0.0,,13.31
"2024-08-08 08:00:00",0.002,114.1,2.993,26.04,58.38,671.6,0.0,177.0,13.19
"2024-08-08 09:00:00",2.474,129.5,27.96,28.6,50.2,671.5,0.0,415.9,13.16
"2024-08-08 10:00:00",2.596,134.4,37.19,30.5,44.0,671.6,0.0,593.5,13.12
"2024-08-08 11:00:00",1.479,286.2,62.34,32.74,38.12,671.6,0.0,647.0,12.97
"2024-08-08 12:00:00",1.775,359.1,41.95,32.0,39.49,671.3,0.0,605.8,13.06
"2024-08-08 13:00:00",1.797,351.4,50.82,32.56,37.61,670.9,0.0,396.7,13.08
"2024-08-08 14:00:00",2.035,234.4,67.72,34.8,32.53,670.1,0.0,866.0,13.09
"2024-08-08 15:00:00",3.192,334.2,59.58,30.66,48.62,669.8,0.73,181.4,13.07
"2024-08-08 16:00:00",2.275,306.7,31.59,22.77,78.77,670.0,0.05,,13.27
"2024-08-08 17:00:00",1.812,358.6,14.33,23.02,83.7,669.8,0.01,49.72,13.34
"2024-08-08 18:00:00",1.165,340.3,18.56,23.39,76.85,670.2,0.0,57.92,13.37
"2024-08-08 19:00:00",0.613,49.89,23.37,23.69,79.27,670.3,0.0,,13.31
"2024-08-08 20:00:00",0.603,140.7,22.45,23.47,80.3,670.7,0.0,1.251,13.24
"2024-08-08 21:00:00",0.813,344.0,24.94,22.64,86.8,670.9,0.0,-0.035,13.23
"2024-08-08 22:00:00",0.42,329.2,9.78,22.1,90.9,671.2,0.0,-0.034,13.22
"2024-08-08 23:00:00",0.336,119.7,24.54,22.47,85.0,671.2,0.0,-0.034,13.23
"2024-08-09 00:00:00",0.805,157.1,33.16,22.99,78.78,671.9,0.0,-0.031,13.37
"2024-08-09 01:00:00",4.025,138.8,41.71,23.94,65.0,672.0,0.01,-0.029,13.39
"2024-08-09 02:00:00",1.815,359.7,16.12,23.25,70.58,671.5,0.0,-0.032,13.33
"2024-08-09 03:00:00",0.534,296.8,32.29,22.31,77.05,671.2,0.0,-0.032,13.35
"2024-08-09 04:00:00",0.417,340.7,15.1,22.05,79.68,671.4,0.0,-0.032,13.39
"2024-08-09 05:00:00",0.991,343.7,15.13,21.47,83.6,671.3,0.0,-0.035,13.18
"2024-08-09 06:00:00",0.569,337.7,28.42,20.85,88.4,671.5,0.0,1.699,13.22
"2024-08-09 07:00:00",0.388,0.293,39.49,20.6,90.3,671.8,0.0,,13.03
"2024-08-09 08:00:00",0.414,83.3,27.99,23.94,73.43,671.7,0.0,,13.2
"2024-08-09 09:00:00",1.334,3.079,15.38,27.52,55.91,671.8,0.0,513.4,13.16
"2024-08-09 10:00:00",1.698,59.73,43.42,29.16,46.65,671.8,0.0,633.0,13.06
"2024-08-09 11:00:00",1.739,349.2,39.25,30.21,41.67,671.8,0.0,706.6,12.98
"2024-08-09 12:00:00",3.009,356.7,19.06,30.98,36.99,671.4,0.0,510.3,13.04
"2024-08-09 13:00:00",1.843,111.9,47.04,32.73,33.77,671.0,0.0,709.8,13.03
"2024-08-09 14:00:00",1.994,35.55,62.04,33.82,31.6,670.6,0.0,689.2,13.09
"2024-08-09 15:00:00",2.487,9.75,48.45,34.44,29.07,669.9,0.0,721.9,13.11
"2024-08-09 16:00:00",3.849,178.5,43.22,35.56,23.48,669.4,0.0,601.8,13.12
"2024-08-09 17:00:00",2.628,179.2,46.0,35.52,24.47,669.1,0.0,440.8,13.14
"2024-08-09 18:00:00",2.787,113.2,43.57,32.73,32.42,669.3,0.0,180.4,13.1
"2024-08-09 19:00:00",1.086,356.1,30.41,29.14,45.14,669.6,0.0,19.21,13.21
"2024-08-09 20:00:00",1.163,350.7,23.3,28.62,43.8,670.1,0.0,1.407,13.24
"2024-08-09 21:00:00",0.66,331.4,21.11,27.34,50.24,670.6,0.0,-0.036,13.27
"2024-08-09 22:00:00",0.22,327.6,12.59,25.36,62.05,670.9,0.0,-0.034,13.28
"2024-08-09 23:00:00",0.378,346.4,6.568,24.05,69.7,671.2,0.0,-0.032,13.26
"2024-08-10 00:00:00",0.506,346.2,23.54,23.53,71.11,671.4,0.0,-0.033,13.34
"2024-08-10 01:00:00",0.099,307.8,6.379,22.31,77.26,671.5,0.0,-0.033,13.36
"2024-08-10 02:00:00",0.078,159.3,2.925,22.56,71.21,671.5,0.0,-0.03,13.39
"2024-08-10 03:00:00",0.001,240.4,0.113,21.94,79.01,671.5,0.0,-0.032,13.37
"2024-08-10 04:00:00",0.013,144.6,0.579,21.87,78.59,671.5,0.0,-0.032,13.36
"2024-08-10 05:00:00",0.014,211.0,0.835,22.07,76.95,671.6,0.0,-0.035,13.17
"2024-08-10 06:00:00",0.052,339.9,19.42,22.0,78.7,672.0,0.0,1.553,13.25
"2024-08-10 07:00:00",0.081,203.1,6.03,22.62,74.24,672.4,0.0,,13.18
"2024-08-10 08:00:00",0.276,6.795,8.48,24.79,65.09,672.7,0.0,140.4,13.19
"2024-08-10 09:00:00",0.918,11.87,13.54,27.76,49.86,672.8,0.0,246.4,13.19
"2024-08-10 10:00:00",2.147,353.2,16.87,29.97,41.02,672.9,0.0,595.4,12.96
"2024-08-10 11:00:00",1.32,343.7,52.11,33.28,31.83,672.8,0.0,680.0,13.02
"2024-08-10 12:00:00",1.2,172.4,41.71,33.63,31.04,672.5,0.0,460.6,13.03
"2024-08-10 13:00:00",2.903,126.7,45.88,35.11,24.94,672.2,0.0,728.2,13.03
"2024-08-10 14:00:00",3.716,128.5,40.08,35.76,22.67,671.6,0.0,795.7,13.09
"2024-08-10 15:00:00",3.544,149.1,40.36,36.59,20.34,671.1,0.0,722.9,13.1
"2024-08-10 16:00:00",3.482,173.5,39.41,37.08,18.66,670.7,0.0,483.3,13.1
"2024-08-10 17:00:00",3.405,192.3,53.83,36.11,23.81,670.5,0.0,472.4,13.11
"2024-08-10 18:00:00",2.368,226.8,56.77,34.71,27.56,670.7,0.0,271.1,13.13
"2024-08-10 19:00:00",3.46,193.8,49.76,31.86,37.3,671.4,0.0,81.9,13.13
"2024-08-10 20:00:00",1.785,241.4,51.45,30.54,39.32,671.7,0.0,4.842,13.21
"2024-08-10 21:00:00",1.601,252.4,38.55,29.46,40.23,672.5,0.0,-0.033,13.22
"2024-08-10 22:00:00",1.064,333.2,20.52,27.75,48.13,672.7,0.0,-0.036,13.22
"2024-08-10 23:00:00",0.203,318.1,13.94,25.65,57.57,672.7,0.0,-0.034,13.22
"2024-08-11 00:00:00",0.081,317.9,25.23,24.45,62.33,672.8,0.0,-0.032,13.19
"2024-08-11 01:00:00",0.364,59.44,11.38,23.61,65.02,672.7,0.0,-0.031,13.34
"2024-08-11 02:00:00",0.002,216.3,0.725,22.97,67.38,672.6,0.0,-0.033,13.34
"2024-08-11 03:00:00",0.336,338.4,5.189,22.02,72.59,672.7,0.0,-0.031,13.37
"2024-08-11 04:00:00",0.033,307.1,5.771,22.24,70.27,672.9,0.0,-0.031,13.36
"2024-08-11 05:00:00",0.389,337.7,8.7,22.55,70.6,673.0,0.0,-0.035,13.15
"2024-08-11 06:00:00",0.139,354.2,12.78,23.21,68.88,673.3,0.0,1.628,13.27
"2024-08-11 07:00:00",1.151,76.88,51.08,24.77,61.46,674.1,0.0,,13.31
"2024-08-11 08:00:00",2.586,125.9,44.92,26.1,54.51,674.7,0.0,167.8,13.22
"2024-08-11 09:00:00",3.181,134.7,44.57,26.85,52.67,674.8,0.0,414.0,13.2
"2024-08-11 10:00:00",2.345,116.4,35.23,28.54,46.88,674.8,0.0,582.3,13.14
"2024-08-11 11:00:00",2.164,154.3,44.61,31.19,38.75,674.5,0.0,703.8,13.06
"2024-08-11 12:00:00",2.221,188.1,47.45,33.35,32.24,674.0,0.0,785.3,13.06
"2024-08-11 13:00:00",1.646,132.3,55.05,34.14,29.29,673.4,0.0,814.0,13.05
"2024-08-11 14:00:00",1.786,329.7,49.77,34.48,27.85,672.6,0.0,783.1,12.82
"2024-08-11 15:00:00",2.663,290.5,39.75,34.37,28.03,671.9,0.0,682.4,13.08
"2024-08-11 16:00:00",2.482,267.3,49.25,34.03,29.65,671.4,0.0,586.6,13.11
"2024-08-11 17:00:00",2.397,264.6,49.5,33.59,29.86,671.3,0.0,434.4,13.15
"2024-08-11 18:00:00",1.758,271.0,42.47,32.88,30.3,671.2,0.0,262.2,13.12
"2024-08-11 19:00:00",2.448,237.2,48.34,31.17,34.33,671.4,0.0,,12.9
"2024-08-11 20:00:00",0.98,357.9,58.52,29.37,37.22,671.9,0.0,1.516,12.82
"2024-08-11 21:00:00",0.333,332.4,20.79,28.33,39.01,672.3,0.0,-0.034,12.64
"2024-08-11 22:00:00",0.158,341.1,23.38,26.19,47.71,672.7,0.0,-0.034,12.62
"2024-08-11 23:00:00",0.472,335.5,24.26,24.8,54.03,673.1,0.0,-0.033,12.67
"2024-08-12 00:00:00",0.776,14.83,34.7,24.84,53.19,673.1,0.0,-0.031,12.92
"2024-08-12 01:00:00",0.595,350.3,17.63,24.6,53.06,673.1,0.0,-0.032,13.34
"2024-08-12 02:00:00",0.046,104.4,10.43,23.48,58.3,672.7,0.0,-0.031,13.36
"2024-08-12 03:00:00",0.187,327.5,4.116,22.97,61.37,672.3,0.0,-0.032,13.35
"2024-08-12 04:00:00",0.043,194.7,4.706,21.87,67.05,672.1,0.0,-0.031,13.36
"2024-08-12 05:00:00",0.267,342.8,31.77,21.57,68.68,672.3,0.0,-0.035,12.95
"2024-08-12 06:00:00",0.34,339.8,4.527,20.94,72.59,672.6,0.0,1.149,13.2
"2024-08-12 07:00:00",0.427,279.0,25.14,21.2,72.11,673.0,0.0,19.58,13.18
"2024-08-12 08:00:00",0.239,247.5,10.73,23.65,62.97,673.2,0.0,100.7,13.0
"2024-08-12 09:00:00",0.186,120.0,25.09,27.52,50.7,673.3,0.0,312.0,13.2
"2024-08-12 10:00:00",1.007,350.3,39.85,30.65,39.92,673.3,0.0,547.4,13.04
"2024-08-12 11:00:00",1.567,5.29,46.4,30.96,38.26,673.1,0.0,530.5,13.03
"2024-08-12 12:00:00",1.55,68.32,46.09,31.92,35.43,672.7,0.0,563.1,13.09
"2024-08-12 13:00:00",1.615,47.69,47.73,33.44,30.08,672.2,0.04,724.9,13.09
"2024-08-12 14:00:00",1.539,8.91,49.38,33.71,28.57,671.6,0.0,501.2,13.09
"2024-08-12 15:00:00",2.268,355.8,38.27,32.83,30.48,670.8,0.0,372.4,13.11
"2024-08-12 16:00:00",2.012,348.0,18.61,32.14,31.69,670.2,0.0,278.2,13.17
"2024-08-12 17:00:00",2.475,335.7,26.19,32.38,32.59,669.8,0.0,396.3,13.17
"2024-08-12 18:00:00",1.536,334.5,14.49,31.86,33.02,669.6,0.0,165.5,13.16
"2024-08-12 19:00:00",1.091,292.0,53.08,31.85,30.88,669.6,0.0,48.41,13.2
"2024-08-12 20:00:00",0.989,261.6,41.77,31.26,30.96,669.9,0.0,4.096,13.19
"2024-08-12 21:00:00",0.719,339.7,28.77,28.84,38.88,670.3,0.0,-0.031,13.23
"2024-08-12 22:00:00",1.066,344.1,22.92,26.27,46.12,670.7,0.0,-0.029,13.28
"2024-08-12 23:00:00",0.465,342.1,24.74,25.64,48.34,670.9,0.0,-0.03,13.26
"2024-08-13 00:00:00",0.1,325.2,22.38,24.78,52.17,671.0,0.0,-0.031,13.32
"2024-08-13 01:00:00",0.239,201.2,41.36,24.12,53.78,671.1,0.0,-0.029,13.32
"2024-08-13 02:00:00",0.082,352.2,8.44,23.38,57.02,671.0,0.0,-0.03,13.34
"2024-08-13 03:00:00",0.383,69.17,26.18,22.68,60.32,671.2,0.0,-0.03,13.36
"2024-08-13 04:00:00",2.371,144.5,34.53,25.14,53.35,671.4,0.0,-0.028,13.33
"2024-08-13 05:00:00",1.827,128.0,25.31,24.02,60.03,671.7,0.0,-0.029,13.19
"2024-08-13 06:00:00",1.283,135.7,22.11,23.15,64.57,672.1,0.0,1.166,13.24
"2024-08-13 07:00:00",0.932,133.3,18.87,23.0,63.2,672.3,0.0,,13.29
"2024-08-13 08:00:00",0.578,122.2,17.43,25.96,53.99,672.5,0.0,150.2,13.21
"2024-08-13 09:00:00",0.439,82.8,39.48,29.51,42.98,672.5,0.0,428.6,13.14
"2024-08-13 10:00:00",1.531,44.1,39.16,30.93,39.52,672.4,0.0,617.1,13.06
"2024-08-13 11:00:00",2.105,345.9,30.39,30.63,38.83,672.4,0.0,394.0,13.07
"2024-08-13 12:00:00",3.074,345.6,20.49,29.12,41.55,672.3,0.0,339.0,13.16
"2024-08-13 13:00:00",2.153,337.2,27.38,26.36,51.0,672.5,0.0,179.3,13.24
"2024-08-13 14:00:00",1.053,310.9,38.11,28.99,44.17,672.0,0.0,824.0,13.2
"2024-08-13 15:00:00",2.672,348.4,35.85,31.89,36.41,671.2,0.0,434.5,13.13
"2024-08-13 16:00:00",2.598,326.3,29.65,30.07,41.84,671.0,0.0,244.1,13.1
"2024-08-13 17:00:00",1.035,348.8,28.18,29.67,46.88,670.7,0.0,237.1,13.16
"2024-08-13 18:00:00",0.461,267.7,32.96,32.13,37.28,670.3,0.0,272.2,13.19
"2024-08-13 19:00:00",1.254,329.7,14.02,30.63,39.44,670.3,0.0,52.69,13.18
"2024-08-13 20:00:00",0.625,342.9,13.7,27.56,50.72,670.6,0.0,1.569,13.25
"2024-08-13 21:00:00",0.352,346.6,7.8,25.23,58.34,671.1,0.0,-0.03,13.23
"2024-08-13 22:00:00",0.078,351.2,1.649,24.03,61.58,671.5,0.0,-0.03,13.32
"2024-08-13 23:00:00",0.001,350.5,2.152,23.86,56.64,671.6,0.0,-0.029,13.25
"2024-08-14 00:00:00",0.0,0.0,0.0,22.94,60.78,671.7,0.0,-0.029,13.35
"2024-08-14 01:00:00",0.0,0.0,0.0,22.29,62.76,671.8,0.0,-0.029,13.35
"2024-08-14 02:00:00",0.052,327.7,4.312,21.9,64.97,671.7,0.0,-0.03,13.41
"2024-08-14 03:00:00",0.082,317.4,14.68,21.93,65.25,671.8,0.0,-0.028,13.36
"2024-08-14 04:00:00",0.19,335.4,19.12,21.81,66.85,671.9,0.0,-0.03,13.41
"2024-08-14 05:00:00",0.293,332.8,26.92,21.83,67.38,672.2,0.0,-0.031,13.14
"2024-08-14 06:00:00",0.074,321.7,11.55,21.29,70.53,672.5,0.0,1.778,13.31
"2024-08-14 07:00:00",0.192,284.1,20.23,21.94,67.74,672.9,0.0,,13.29
"2024-08-14 08:00:00",0.211,119.8,32.74,26.27,52.7,673.2,0.0,150.9,13.2
"2024-08-14 09:00:00",1.589,121.4,33.04,30.31,39.68,673.4,0.0,439.7,13.12
"2024-08-14 10:00:00",1.43,125.8,47.63,31.69,36.19,673.4,0.0,606.7,13.05
"2024-08-14 11:00:00",1.781,235.5,62.09,33.0,31.84,673.2,0.0,604.0,13.02
"2024-08-14 12:00:00",1.673,317.7,49.59,32.48,31.53,673.0,0.0,433.8,13.09
"2024-08-14 13:00:00",2.043,333.4,22.77,31.88,34.01,672.7,0.0,319.3,13.12
"2024-08-14 14:00:00",2.001,288.1,55.16,34.3,24.68,672.3,0.0,760.3,13.14
"2024-08-14 15:00:00",2.148,302.8,54.05,34.59,23.09,671.8,0.0,632.8,13.12
"2024-08-14 16:00:00",2.231,275.7,46.74,35.03,22.09,671.3,0.0,625.5,13.12
"2024-08-14 17:00:00",1.854,283.2,49.66,34.92,22.49,671.0,0.0,459.0,13.14
"2024-08-14 18:00:00",1.871,246.9,46.35,34.6,23.31,670.7,0.0,272.4,13.16
"2024-08-14 19:00:00",1.38,255.5,33.55,33.17,24.83,670.6,0.0,38.11,13.16
"2024-08-14 20:00:00",0.963,310.0,20.43,31.49,26.19,670.9,0.0,1.544,13.2
"2024-08-14 21:00:00",0.646,335.5,10.43,27.24,36.2,671.3,0.0,-0.03,13.2
"2024-08-14 22:00:00",0.0,229.5,0.017,25.37,40.28,671.6,0.0,-0.029,13.26
"2024-08-14 23:00:00",0.015,207.4,2.552,24.29,42.81,671.8,0.0,-0.03,13.3
"2024-08-15 00:00:00",0.0,0.0,0.0,23.3,44.57,671.9,0.0,-0.03,13.34
"2024-08-15 01:00:00",0.0,0.0,0.0,22.4,47.71,671.7,0.0,-0.029,13.36
"2024-08-15 02:00:00",0.03,184.0,4.815,21.74,49.92,671.6,0.0,-0.026,13.39
"2024-08-15 03:00:00",0.011,296.4,11.62,21.45,50.76,671.5,0.0,-0.03,13.39
"2024-08-15 04:00:00",0.167,168.8,26.74,20.69,53.54,671.6,0.0,-0.027,13.39
"2024-08-15 05:00:00",0.135,270.2,3.635,20.25,55.08,671.6,0.0,-0.031,13.12
"2024-08-15 06:00:00",0.087,1.5,4.189,19.6,56.82,671.9,0.0,1.574,13.31
"2024-08-15 07:00:00",0.0,0.0,0.0,19.54,56.43,672.3,0.0,17.07,13.24
"2024-08-15 08:00:00",0.107,138.6,10.41,24.66,42.11,672.5,0.0,,13.18
"2024-08-15 09:00:00",0.906,34.14,22.09,29.98,31.61,672.6,0.0,439.1,13.09
"2024-08-15 10:00:00",1.604,358.6,19.37,32.22,25.55,672.6,0.0,619.6,13.01
"2024-08-15 11:00:00",1.78,2.989,34.06,33.91,22.39,672.4,0.0,748.7,12.99
"2024-08-15 12:00:00",2.596,356.3,30.76,34.77,21.62,672.0,0.0,831.0,13.02
"2024-08-15 13:00:00",2.062,7.239,48.13,35.95,20.29,671.5,0.0,858.0,13.04
"2024-08-15 14:00:00",1.808,304.4,56.2,37.28,19.31,671.0,0.0,830.0,13.05
"2024-08-15 15:00:00",1.989,250.7,48.65,38.37,18.01,670.5,0.0,749.7,13.05
"2024-08-15 16:00:00",1.932,258.1,48.93,38.14,17.67,670.2,0.0,618.7,13.05
"2024-08-15 17:00:00",1.853,284.3,42.44,37.24,17.98,669.9,0.0,455.8,13.08
"2024-08-15 18:00:00",1.768,261.3,40.42,36.54,18.05,669.8,0.0,268.6,13.11
"2024-08-15 19:00:00",1.209,294.9,42.06,34.7,20.42,669.8,0.0,36.35,13.13
"2024-08-15 20:00:00",0.409,327.6,21.39,32.36,25.0,670.1,0.0,1.405,13.16
"2024-08-15 21:00:00",0.296,338.7,4.208,28.17,33.6,670.5,0.0,-0.032,13.23
"2024-08-15 22:00:00",0.108,320.8,7.079,26.27,38.08,670.8,0.0,-0.03,13.22
"2024-08-15 23:00:00",0.067,126.9,7.956,25.81,38.73,670.8,0.0,-0.028,13.25
"2024-08-16 00:00:00",0.131,336.9,24.26,25.19,39.9,670.8,0.0,-0.029,13.31
"2024-08-16 01:00:00",0.098,187.5,6.453,24.17,43.06,670.9,0.0,-0.031,13.31
"2024-08-16 02:00:00",0.083,347.1,2.02,23.72,44.74,670.9,0.0,-0.028,13.35
"2024-08-16 03:00:00",0.0,139.0,0.322,23.3,46.34,670.8,0.0,-0.027,13.36
"2024-08-16 04:00:00",0.124,160.3,11.58,22.85,49.02,671.1,0.0,-0.031,13.34
"2024-08-16 05:00:00",0.003,1.584,0.017,21.91,53.4,671.5,0.0,-0.029,13.06
"2024-08-16 06:00:00",0.077,193.3,5.36,21.75,54.06,671.9,0.0,1.515,13.3
"2024-08-16 07:00:00",0.273,173.6,25.28,21.84,53.91,672.4,0.0,,13.34
"2024-08-16 08:00:00",0.251,164.4,28.37,26.33,41.79,672.7,0.0,140.7,13.2
"2024-08-16 09:00:00",1.437,135.9,33.9,31.78,29.25,672.7,0.0,406.4,13.09
"2024-08-16 10:00:00",1.069,32.84,47.19,33.29,26.78,672.8,0.0,563.0,12.99
"2024-08-16 11:00:00",1.984,6.227,38.97,33.93,23.03,672.6,0.0,737.0,12.98
"2024-08-16 12:00:00",1.944,320.4,36.96,35.26,20.76,672.2,0.0,825.0,13.02
"2024-08-16 13:00:00",1.727,323.3,54.43,36.8,19.98,671.7,0.0,847.0,13.02
"2024-08-16 14:00:00",1.324,185.4,40.25,38.56,17.3,671.2,0.0,818.0,13.06
"2024-08-16 15:00:00",1.939,328.7,56.11,38.29,18.14,670.5,0.0,739.8,13.05
"2024-08-16 16:00:00",2.115,317.9,54.72,38.2,18.04,670.0,0.0,610.4,13.05
"2024-08-16 17:00:00",2.209,297.3,43.25,37.94,17.86,669.6,0.0,447.7,13.08
"2024-08-16 18:00:00",1.51,267.3,43.65,37.52,18.14,669.6,0.0,261.9,13.08
"2024-08-16 19:00:00",1.443,269.8,40.35,35.79,20.4,669.7,0.0,33.83,13.09
"2024-08-16 20:00:00",0.508,267.9,28.73,34.0,22.9,670.1,0.0,1.112,13.16
"2024-08-16 21:00:00",0.628,297.2,25.97,32.25,26.33,670.7,0.0,-0.031,13.19
"2024-08-16 22:00:00",0.01,217.6,0.356,28.45,34.1,670.9,0.0,-0.032,13.13
"2024-08-16 23:00:00",0.322,342.2,11.73,28.12,35.34,671.0,0.0,-0.032,13.21
"2024-08-17 00:00:00",1.034,108.4,10.13,28.01,37.24,671.8,0.0,-0.03,13.29
"2024-08-17 01:00:00",6.461,138.0,24.49,25.18,55.35,673.2,0.0,-0.018,13.32
"2024-08-17 02:00:00",2.976,197.4,43.26,23.83,57.96,672.7,0.0,-0.026,13.36
"2024-08-17 03:00:00",0.688,342.5,34.44,24.33,53.08,672.0,0.0,-0.027,13.36
"2024-08-17 04:00:00",0.861,3.259,43.46,22.95,60.29,671.9,0.0,-0.028,13.36
"2024-08-17 05:00:00",0.117,344.1,6.102,21.55,67.94,671.9,0.0,-0.031,13.15
"2024-08-17 06:00:00",0.311,101.0,15.81,21.45,67.11,672.4,0.0,1.353,13.27
"2024-08-17 07:00:00",0.462,329.9,24.85,21.93,66.16,672.7,0.0,,13.33
"2024-08-17 08:00:00",0.078,118.5,14.11,25.66,52.1,672.9,0.0,125.9,13.2
"2024-08-17 09:00:00",0.646,9.11,14.32,27.32,45.79,673.0,0.0,115.2,13.19
"2024-08-17 10:00:00",1.069,344.3,32.52,27.02,47.24,672.9,0.0,161.5,13.23
"2024-08-17 11:00:00",1.247,6.495,25.73,27.97,43.81,672.8,0.0,379.6,13.18
"2024-08-17 12:00:00",0.706,9.04,50.12,32.41,31.39,672.5,0.0,690.1,13.08
"2024-08-17 13:00:00",1.251,319.3,48.78,35.3,24.88,671.9,0.0,858.0,13.04
"2024-08-17 14:00:00",2.399,137.3,52.89,37.0,19.1,671.4,0.0,862.0,13.05
"2024-08-17 15:00:00",2.49,158.2,52.85,37.88,18.02,670.7,0.0,750.7,13.08
"2024-08-17 16:00:00",2.328,212.6,63.09,37.69,17.87,670.1,0.0,607.9,13.08
"2024-08-17 17:00:00",2.008,207.6,48.72,37.64,18.46,669.6,0.0,443.2,13.08
"2024-08-17 18:00:00",1.945,252.0,43.21,36.54,20.46,669.6,0.0,246.1,13.11
"2024-08-17 19:00:00",1.624,247.6,40.62,34.74,24.28,669.9,0.0,,13.12
"2024-08-17 20:00:00",0.688,322.1,33.63,33.07,28.46,670.0,0.0,2.567,13.16
"2024-08-17 21:00:00",0.848,0.307,19.54,30.43,34.95,670.6,0.0,-0.033,13.21
"2024-08-17 22:00:00",4.458,157.3,43.24,28.31,40.83,671.5,0.0,-0.024,13.21
"2024-08-17 23:00:00",2.496,172.2,37.4,28.04,39.21,671.9,0.0,-0.026,13.23
"2024-08-18 00:00:00",1.782,146.8,43.05,27.94,37.89,671.9,0.0,-0.026,13.3
"2024-08-18 01:00:00",1.205,55.9,37.13,27.02,41.54,672.2,0.0,-0.029,13.29
"2024-08-18 02:00:00",4.245,201.2,34.27,26.86,51.92,673.2,0.14,-0.025,13.31
"2024-08-18 03:00:00",2.259,37.14,43.0,21.9,79.53,673.2,0.02,-0.019,13.34
"2024-08-18 04:00:00",1.205,15.81,33.86,21.28,89.1,672.7,0.0,-0.027,13.4
"2024-08-18 05:00:00",0.799,334.9,43.24,21.22,89.6,672.8,0.0,-0.03,13.13
"2024-08-18 06:00:00",0.317,340.7,20.75,21.29,89.8,673.2,0.0,3.064,13.23
"2024-08-18 07:00:00",0.067,338.1,8.67,21.48,91.1,673.4,0.0,46.64,13.33
"2024-08-18 08:00:00",0.349,20.41,16.43,24.79,74.16,673.7,0.0,192.2,13.2
"2024-08-18 09:00:00",1.381,0.743,19.39,26.44,61.06,673.9,0.0,431.3,13.14
"2024-08-18 10:00:00",2.096,355.7,21.18,27.89,56.26,673.9,0.0,589.9,13.13
"2024-08-18 11:00:00",1.595,345.2,35.58,29.53,50.46,673.7,0.0,648.7,13.12
"2024-08-18 12:00:00",1.679,0.443,31.65,31.19,40.33,673.1,0.0,735.5,13.09
"2024-08-18 13:00:00",1.915,321.0,34.32,33.46,33.32,672.5,0.0,866.0,13.06
"2024-08-18 14:00:00",1.685,357.5,38.09,34.49,29.07,671.9,0.0,800.0,13.11
"2024-08-18 15:00:00",1.396,315.0,43.09,35.35,25.71,671.3,0.0,595.2,13.07
"2024-08-18 16:00:00",2.146,274.5,38.56,34.95,28.7,670.8,0.0,509.3,13.12
"2024-08-18 17:00:00",2.517,255.7,49.21,34.32,32.33,670.7,0.0,440.7,13.05
"2024-08-18 18:00:00",1.713,258.7,72.49,33.61,32.35,670.6,0.0,255.3,12.82
"2024-08-18 19:00:00",0.965,253.5,43.93,31.9,38.36,671.0,0.0,23.53,12.68
"2024-08-18 20:00:00",0.846,9.36,21.21,29.61,46.69,671.5,0.0,1.029,12.48
"2024-08-18 21:00:00",0.332,293.1,28.51,28.84,49.37,672.0,0.0,-0.033,12.53
"2024-08-18 22:00:00",0.396,327.1,29.95,27.13,57.74,672.4,0.0,-0.032,12.74
"2024-08-18 23:00:00",0.366,102.6,18.89,26.06,60.35,672.4,0.0,-0.029,12.93
"2024-08-19 00:00:00",0.237,21.76,19.32,24.56,64.59,672.4,0.0,-0.027,13.31
"2024-08-19 01:00:00",0.115,349.7,13.03,23.82,66.91,672.3,0.0,-0.028,13.32
"2024-08-19 02:00:00",0.246,157.0,29.63,23.75,65.9,672.1,0.0,-0.029,13.33
"2024-08-19 03:00:00",0.003,328.6,0.012,23.18,70.9,672.2,0.0,-0.03,13.3
"2024-08-19 04:00:00",0.118,329.2,3.799,22.12,73.93,672.3,0.0,-0.028,13.34
"2024-08-19 05:00:00",0.03,180.6,2.699,21.1,77.2,672.5,0.0,-0.029,12.82
"2024-08-19 06:00:00",0.199,157.2,14.71,21.06,74.82,672.7,0.0,1.262,13.03
"2024-08-19 07:00:00",0.222,153.0,9.34,20.64,75.28,673.0,0.0,15.39,13.17
"2024-08-19 08:00:00",0.461,139.7,12.84,24.86,57.61,673.3,0.0,,13.18
"2024-08-19 09:00:00",0.796,92.8,15.89,29.4,41.27,673.5,0.0,417.5,13.09
"2024-08-19 10:00:00",1.855,357.3,16.15,31.3,34.19,673.5,0.0,605.7,13.04
"2024-08-19 11:00:00",1.41,355.4,39.08,33.72,29.24,673.3,0.0,733.3,13.0
"2024-08-19 12:00:00",1.449,359.6,32.26,35.61,25.97,673.0,0.0,815.0,12.99
"2024-08-19 13:00:00",2.349,177.8,46.18,36.85,24.27,672.5,0.0,848.0,13.0
"2024-08-19 14:00:00",3.07,196.1,44.52,37.98,21.64,672.2,0.0,822.0,13.07
"2024-08-19 15:00:00",1.846,257.7,65.12,37.64,21.98,671.8,0.0,732.2,13.07
"2024-08-19 16:00:00",1.918,256.8,52.22,37.89,21.09,671.3,0.0,604.0,13.06
"2024-08-19 17:00:00",1.809,232.0,59.03,37.63,20.25,670.9,0.0,438.0,13.08
"2024-08-19 18:00:00",1.786,251.5,51.1,36.8,21.29,671.0,0.0,252.2,13.09
"2024-08-19 19:00:00",1.224,272.2,41.5,35.17,22.45,671.1,0.0,,13.13
"2024-08-19 20:00:00",0.153,325.6,8.95,32.83,27.13,671.4,0.0,0.923,13.15
"2024-08-19 21:00:00",0.526,338.6,6.992,28.93,37.2,671.6,0.0,-0.032,13.2
"2024-08-19 22:00:00",0.728,341.8,9.04,27.04,42.64,671.8,0.0,-0.031,13.22
"2024-08-19 23:00:00",0.167,212.7,16.56,26.21,44.61,671.8,0.0,-0.028,13.23
"2024-08-20 00:00:00",0.15,161.9,16.95,25.78,45.37,672.3,0.0,-0.028,13.28
"2024-08-20 01:00:00",0.135,180.7,6.603,24.88,48.09,672.5,0.0,-0.029,13.32
"2024-08-20 02:00:00",0.072,175.3,6.376,24.47,49.03,672.3,0.0,-0.026,13.35
"2024-08-20 03:00:00",0.16,181.4,9.84,24.04,50.34,672.1,0.0,-0.027,13.36
"2024-08-20 04:00:00",0.145,175.5,17.76,23.31,53.63,672.1,0.0,-0.027,13.33
"2024-08-20 05:00:00",0.112,242.0,21.84,22.49,57.11,672.2,0.0,-0.028,12.97
"2024-08-20 06:00:00",0.168,171.7,9.91,22.68,56.55,672.6,0.0,1.281,13.21
"2024-08-20 07:00:00",0.26,322.5,16.92,22.42,58.97,673.1,0.0,25.32,13.31
"2024-08-20 08:00:00",0.529,171.2,28.33,27.55,44.13,673.4,0.0,175.5,13.16
"2024-08-20 09:00:00",2.621,180.7,25.54,31.94,31.91,673.4,0.0,428.3,13.11
"2024-08-20 10:00:00",3.694,197.3,29.67,32.89,30.31,673.6,0.0,599.0,13.07
"2024-08-20 11:00:00",2.485,167.3,39.95,33.9,29.08,673.4,0.0,700.0,13.05
"2024-08-20 12:00:00",1.865,236.9,48.88,36.01,25.91,673.1,0.0,827.0,13.01
"2024-08-20 13:00:00",1.567,296.9,61.81,37.0,23.5,672.6,0.0,883.0,13.01
"2024-08-20 14:00:00",1.897,116.3,46.12,38.14,21.57,671.9,0.0,813.0,13.03
"2024-08-20 15:00:00",1.847,235.9,58.35,38.65,21.23,671.3,0.0,727.2,13.04
"2024-08-20 16:00:00",1.61,257.4,45.95,38.93,20.29,670.8,0.0,617.0,13.05
"2024-08-20 17:00:00",2.347,233.7,45.63,38.82,19.57,670.5,0.0,507.6,13.08
"2024-08-20 18:00:00",1.825,266.6,52.92,37.02,21.24,670.3,0.0,160.3,13.11
"2024-08-20 19:00:00",1.547,223.4,62.48,35.74,23.6,670.5,0.0,35.92,13.15
"2024-08-20 20:00:00",1.239,267.5,46.09,34.37,24.99,671.0,0.0,1.824,13.16
"2024-08-20 21:00:00",0.913,222.4,57.17,33.67,26.24,671.6,0.0,-0.03,13.19
"2024-08-20 22:00:00",0.961,225.5,46.09,32.83,27.82,672.2,0.0,-0.03,13.13
"2024-08-20 23:00:00",3.808,146.1,39.72,31.63,32.67,672.7,0.0,-0.026,13.19
"2024-08-21 00:00:00",1.934,315.8,50.23,29.99,36.92,672.9,0.0,-0.028,13.2
"2024-08-21 01:00:00",0.531,334.3,10.83,28.15,41.46,672.9,0.0,-0.03,13.24
"2024-08-21 02:00:00",2.571,217.2,46.46,28.37,38.23,673.3,0.0,-0.025,13.27
"2024-08-21 03:00:00",2.046,178.5,37.11,28.33,39.19,673.6,0.0,-0.027,13.28
"2024-08-21 04:00:00",0.543,153.8,27.28,27.09,43.99,673.6,0.0,-0.026,13.23
"2024-08-21 05:00:00",1.926,164.1,39.48,26.72,47.31,673.7,0.0,-0.027,12.85
"2024-08-21 06:00:00",0.662,336.7,22.63,24.98,52.96,673.8,0.0,1.143,13.25
"2024-08-21 07:00:00",0.457,338.8,10.55,23.13,58.85,674.0,0.0,20.86,13.18
"2024-08-21 08:00:00",0.149,140.8,22.72,27.48,45.98,674.1,0.0,169.8,13.16
"2024-08-21 09:00:00",0.52,34.2,18.31,31.18,36.26,674.0,0.0,386.6,13.08
"2024-08-21 10:00:00",1.587,129.4,42.2,33.01,33.29,674.1,0.0,605.3,13.02
"2024-08-21 11:00:00",3.575,178.4,42.69,32.36,37.03,674.2,0.0,733.8,13.02
"2024-08-21 12:00:00",3.173,173.4,66.05,31.63,39.56,674.2,0.0,629.3,13.09
"2024-08-21 13:00:00",2.822,267.3,59.58,31.52,39.07,673.6,0.0,802.0,13.14
"2024-08-21 14:00:00",3.327,249.0,54.28,31.62,36.81,673.3,0.0,801.0,13.15
"2024-08-21 15:00:00",2.795,246.5,77.12,32.34,32.01,672.7,0.0,726.4,13.16
"2024-08-21 16:00:00",2.059,200.8,65.42,32.75,30.49,672.1,0.0,468.3,13.17
"2024-08-21 17:00:00",1.325,317.7,41.34,32.08,30.02,671.6,0.0,290.8,13.19
"2024-08-21 18:00:00",1.538,289.4,34.34,32.47,27.0,671.5,0.0,162.6,13.17
"2024-08-21 19:00:00",1.654,248.8,31.85,31.56,27.21,671.9,0.0,54.77,13.19
"2024-08-21 20:00:00",2.438,155.3,32.49,29.9,33.89,672.3,0.0,0.673,13.21
"2024-08-21 21:00:00",2.0,169.6,22.67,28.67,38.34,672.6,0.0,-0.028,13.23
"2024-08-21 22:00:00",0.283,320.7,14.65,27.29,42.48,672.6,0.0,-0.032,13.21
"2024-08-21 23:00:00",0.499,339.6,7.471,25.43,48.08,672.4,0.0,-0.031,13.22
"2024-08-22 00:00:00",0.222,345.9,13.78,23.98,53.25,672.4,0.0,-0.029,13.28
"2024-08-22 01:00:00",0.273,13.45,24.83,24.08,52.23,672.4,0.0,-0.03,13.32
"2024-08-22 02:00:00",0.163,321.5,7.383,24.29,51.78,672.5,0.0,-0.028,13.34
"2024-08-22 03:00:00",0.298,24.3,39.51,24.14,50.64,672.4,0.0,-0.028,13.35
"2024-08-22 04:00:00",0.959,343.3,11.14,23.33,54.75,672.2,0.0,-0.028,13.32
"2024-08-22 05:00:00",0.267,355.3,23.75,21.75,59.37,672.2,0.0,-0.029,12.94
"2024-08-22 06:00:00",0.121,342.0,4.39,21.31,60.04,672.5,0.0,0.883,13.21
"2024-08-22 07:00:00",0.101,336.8,2.481,20.81,62.16,672.7,0.0,,13.26
"2024-08-22 08:00:00",0.204,174.0,26.44,24.94,48.59,672.8,0.0,153.2,13.22
"2024-08-22 09:00:00",0.645,151.1,30.81,30.1,36.48,672.8,0.0,393.5,13.08
"2024-08-22 10:00:00",1.35,126.6,37.48,31.92,32.94,672.7,0.0,587.8,13.04
"2024-08-22 11:00:00",1.937,131.5,51.77,32.86,33.0,672.6,0.0,711.2,13.0
"2024-08-22 12:00:00",2.995,142.6,39.57,33.47,31.84,672.3,0.0,767.7,13.06
"2024-08-22 13:00:00",2.82,147.6,57.14,34.53,29.11,671.8,0.0,782.3,13.09
"2024-08-22 14:00:00",3.819,154.8,42.04,34.3,29.08,671.4,0.0,533.7,13.12
"2024-08-22 15:00:00",5.164,74.61,42.88,23.17,66.01,671.7,0.92,63.14,13.0
"2024-08-22 16:00:00",1.344,342.5,39.44,21.08,82.1,671.7,0.0,87.8,13.28
"2024-08-22 17:00:00",1.766,125.4,47.42,23.28,71.79,671.3,0.01,,13.23
"2024-08-22 18:00:00",1.712,354.9,48.25,23.97,67.69,671.6,0.04,6.284,13.22
"2024-08-22 19:00:00",0.534,334.0,28.76,20.99,91.4,671.3,0.02,3.234,13.24
"2024-08-22 20:00:00",0.507,82.4,24.39,21.05,90.4,671.2,0.0,0.134,13.26
"2024-08-22 21:00:00",0.787,354.8,15.23,20.78,94.5,671.5,0.0,-0.027,13.34
"2024-08-22 22:00:00",0.993,353.8,8.28,20.32,94.6,671.9,0.0,-0.027,13.35
"2024-08-22 23:00:00",0.412,347.7,10.64,20.19,95.1,672.0,0.0,-0.031,13.3
"2024-08-23 00:00:00",0.023,216.9,0.841,20.08,97.5,672.0,0.0,-0.027,13.4
"2024-08-23 01:00:00",0.129,135.9,14.2,20.04,97.7,671.9,0.0,-0.026,13.41
"2024-08-23 02:00:00",0.029,194.0,5.938,19.73,96.7,671.7,0.0,-0.027,13.42
"2024-08-23 03:00:00",0.006,195.0,7.21,19.57,93.4,671.7,0.0,-0.028,13.42
"2024-08-23 04:00:00",0.0,0.0,0.0,18.99,96.6,671.7,0.0,-0.028,13.41
"2024-08-23 05:00:00",0.0,0.0,0.0,18.66,96.6,671.7,0.0,-0.029,12.99
"2024-08-23 06:00:00",0.0,0.0,0.0,18.38,98.7,671.8,0.0,0.938,13.24
"2024-08-23 07:00:00",0.0,0.0,0.0,18.56,97.3,672.0,0.0,17.95,13.22
"2024-08-23 08:00:00",0.0,0.0,0.0,21.52,84.3,672.4,0.0,192.7,13.04
"2024-08-23 09:00:00",0.57,7.013,7.117,25.45,66.43,672.5,0.0,438.6,13.18
"2024-08-23 10:00:00",1.449,7.158,16.86,28.04,56.41,672.5,0.0,588.7,13.11
"2024-08-23 11:00:00",2.447,160.3,43.05,30.81,43.16,672.5,0.01,717.5,13.04
"2024-08-23 12:00:00",4.014,144.5,41.61,31.71,36.97,672.3,0.0,780.8,13.12
"2024-08-23 13:00:00",3.564,192.9,45.88,33.05,33.89,671.9,0.0,845.0,13.12
"2024-08-23 14:00:00",2.927,169.0,47.99,33.22,32.45,671.5,0.0,500.3,13.13
"2024-08-23 15:00:00",2.636,183.9,58.14,33.6,30.53,671.0,0.0,514.3,13.15
"2024-08-23 16:00:00",4.706,167.9,39.45,33.73,28.7,670.5,0.0,447.9,13.15
"2024-08-23 17:00:00",4.286,146.9,23.72,27.49,54.12,670.6,0.13,191.7,13.22
"2024-08-23 18:00:00",6.465,156.7,27.23,26.99,48.51,671.0,0.0,21.41,13.26
"2024-08-23 19:00:00",2.902,106.4,48.88,26.88,43.58,671.1,0.0,,13.28
"2024-08-23 20:00:00",4.332,37.92,41.1,24.72,55.4,671.5,0.0,1.27,13.24
"2024-08-23 21:00:00",0.891,348.5,16.19,23.69,60.9,671.8,0.0,-0.03,13.3
"2024-08-23 22:00:00",0.603,332.1,21.77,21.76,74.89,672.2,0.0,-0.028,13.32
"2024-08-23 23:00:00",0.621,338.1,10.89,21.11,78.06,672.6,0.0,-0.029,13.19
"2024-08-24 00:00:00",1.0,206.2,37.16,21.73,71.01,672.8,0.0,-0.027,13.39
"2024-08-24 01:00:00",2.24,80.8,35.53,25.01,50.73,672.9,0.0,-0.027,13.36
"2024-08-24 02:00:00",1.003,330.4,36.43,21.92,68.56,672.9,0.0,-0.026,13.38
"2024-08-24 03:00:00",0.687,337.6,26.4,20.89,74.03,672.9,0.0,-0.027,13.4
"2024-08-24 04:00:00",1.212,22.78,36.48,21.59,66.75,673.2,0.0,-0.027,13.42
"2024-08-24 05:00:00",1.842,349.2,33.43,22.59,60.74,673.3,0.0,-0.027,13.14
"2024-08-24 06:00:00",1.731,359.9,22.24,22.06,63.38,673.6,0.0,0.953,13.3
"2024-08-24 07:00:00",1.454,128.5,31.94,22.3,62.74,674.2,0.0,40.18,13.3
"2024-08-24 08:00:00",1.756,109.0,13.81,22.86,63.29,674.3,0.0,143.1,13.29
"2024-08-24 09:00:00",0.734,166.6,25.99,26.08,53.42,674.4,0.0,455.6,13.2
"2024-08-24 10:00:00",1.188,341.2,36.33,28.65,44.51,674.3,0.0,608.7,13.05
"2024-08-24 11:00:00",1.43,6.351,31.67,29.51,37.15,674.2,0.0,705.1,13.06
"2024-08-24 12:00:00",2.25,145.7,48.96,31.38,28.65,673.8,0.0,794.0,13.08
"2024-08-24 13:00:00",2.074,114.0,41.13,32.03,27.38,673.4,0.0,846.0,13.09
"2024-08-24 14:00:00",2.532,144.5,48.06,32.7,26.38,673.0,0.0,752.7,13.13
"2024-08-24 15:00:00",2.566,189.5,45.03,33.7,24.44,672.6,0.0,725.0,13.16
"2024-08-24 16:00:00",2.388,177.7,46.2,33.48,25.13,672.2,0.0,574.7,13.15
"2024-08-24 17:00:00",2.768,173.6,50.43,32.85,25.66,671.8,0.0,431.6,13.16
"2024-08-24 18:00:00",2.454,185.8,46.31,32.35,25.44,671.6,0.0,239.8,13.17
"2024-08-24 19:00:00",2.762,144.3,33.24,31.02,26.79,671.5,0.0,18.55,13.19
"2024-08-24 20:00:00",0.871,125.2,13.84,29.07,34.16,671.6,0.0,0.353,13.21
"2024-08-24 21:00:00",0.591,344.4,5.029,24.81,50.13,672.1,0.0,-0.031,13.21
"2024-08-24 22:00:00",0.217,337.3,3.348,24.16,53.57,672.3,0.0,-0.031,13.25
"2024-08-24 23:00:00",0.049,349.6,2.1,23.11,58.29,672.4,0.0,-0.029,13.23
"2024-08-25 00:00:00",2.398,160.9,30.5,25.49,47.61,672.4,0.0,-0.029,13.31
"2024-08-25 01:00:00",4.604,123.0,19.73,27.6,36.5,672.4,0.0,-0.026,13.32
"2024-08-25 02:00:00",2.885,140.0,28.73,26.91,37.67,672.5,0.0,-0.027,13.31
"2024-08-25 03:00:00",1.199,160.4,49.44,24.52,45.22,672.5,0.0,-0.028,13.36
"2024-08-25 04:00:00",1.971,135.3,45.06,25.87,36.76,672.5,0.0,-0.028,13.34
"2024-08-25 05:00:00",0.867,339.0,31.2,24.07,43.39,672.6,0.0,-0.029,13.24
"2024-08-25 06:00:00",0.19,221.6,13.79,21.23,56.97,673.2,0.0,0.663,13.26
"2024-08-25 07:00:00",0.061,138.4,11.36,20.43,59.62,673.7,0.0,14.89,13.38
"2024-08-25 08:00:00",0.222,155.8,11.46,23.5,49.28,674.1,0.0,,13.2
"2024-08-25 09:00:00",0.957,165.1,36.1,28.33,34.52,674.2,0.0,447.7,13.12
"2024-08-25 10:00:00",2.532,143.4,29.86,30.4,24.01,674.3,0.0,601.0,13.12
"2024-08-25 11:00:00",2.687,164.8,39.04,31.73,25.27,674.2,0.0,726.9,13.07
"2024-08-25 12:00:00",3.673,145.6,43.88,32.23,25.68,673.9,0.0,806.0,13.11
"2024-08-25 13:00:00",3.709,191.4,37.54,33.66,20.82,673.4,0.0,838.0,13.12
"2024-08-25 14:00:00",2.892,168.0,43.68,34.44,18.91,673.0,0.0,803.0,13.16
"2024-08-25 15:00:00",2.764,184.5,47.76,35.0,15.85,672.5,0.0,727.8,13.13
"2024-08-25 16:00:00",3.027,186.1,42.75,34.9,14.23,672.1,0.0,596.4,13.14
"2024-08-25 17:00:00",2.192,200.8,59.55,34.47,14.83,671.9,0.0,428.2,13.16
"2024-08-25 18:00:00",2.142,223.0,48.61,33.77,16.01,671.9,0.0,240.0,13.17
"2024-08-25 19:00:00",1.603,158.9,42.47,32.17,17.02,672.1,0.0,17.53,13.2
"2024-08-25 20:00:00",0.862,3.901,34.7,28.97,23.69,672.4,0.0,0.319,13.2
"2024-08-25 21:00:00",0.321,331.1,5.081,24.54,35.1,672.6,0.0,-0.029,13.15
"2024-08-25 22:00:00",0.04,175.1,14.27,23.54,38.48,673.0,0.0,-0.03,13.11
"2024-08-25 23:00:00",0.0,0.0,0.0,22.53,40.44,673.4,0.0,-0.03,13.12
"2024-08-26 00:00:00",0.731,339.4,20.07,21.12,45.04,673.6,0.0,-0.03,13.22
"2024-08-26 01:00:00",0.427,259.9,27.67,21.26,44.35,673.7,0.0,-0.032,13.36
"2024-08-26 02:00:00",0.1,205.7,6.294,20.91,51.15,673.4,0.0,-0.027,13.41
"2024-08-26 03:00:00",0.493,344.2,13.6,20.43,56.37,673.4,0.0,-0.028,13.43
"2024-08-26 04:00:00",0.231,338.8,17.14,19.31,64.32,673.3,0.0,-0.029,13.4
"2024-08-26 05:00:00",0.407,245.6,26.14,19.25,64.94,673.5,0.0,-0.029,13.1
"2024-08-26 06:00:00",0.333,342.8,12.71,18.35,69.97,673.9,0.0,0.538,13.24
"2024-08-26 07:00:00",0.411,343.7,20.1,18.11,71.19,674.3,0.0,14.79,13.17
"2024-08-26 08:00:00",0.393,164.1,36.41,22.58,56.29,674.6,0.0,212.8,13.24
"2024-08-26 09:00:00",0.407,51.99,36.82,28.22,40.38,674.7,0.0,409.3,13.07
"2024-08-26 10:00:00",1.196,51.83,33.99,31.13,30.25,674.7,0.0,599.3,12.92
"2024-08-26 11:00:00",1.533,357.0,39.9,31.9,27.79,674.6,0.0,725.4,12.76
"2024-08-26 12:00:00",1.888,352.2,33.58,32.87,23.51,674.4,0.0,812.0,12.75
