TIMESTAMP,VectorWindSpeed,VectorWindDirection,SpeedDirectionReliability,W_Speed,W_Reliability,W_Count,W_StandardDeviation,W_Amplitude,W_Noise,W_SNR,W_ValidCount,V_Speed,V_Reliability,V_Count,V_StandardDeviation,V_Amplitude,V_Noise,V_SNR,V_ValidCount,U_Speed,U_Reliability,U_Count,U_StandardDeviation,U_Amplitude,U_Noise,U_SNR,U_ValidCount
2025-01-07 00:00:00,1.30,107.00,9.00,0.08,9,273.00,0.18,2146,271.00,17.80,270.00,-0.50,9,273.00,1.00,1363,227.00,15.40,271.00,-1.20,9,273.00,3.00,1606,351.00,13.40,267.00
2025-01-07 00:15:00,1.90,113.00,9.00,0.04,9,276.00,0.21,1969,265.00,16.40,253.00,-0.50,9,276.00,1.10,1343,218.00,14.90,254.00,-1.80,9,276.00,3.90,1538,362.00,12.00,256.00
2025-01-07 00:30:00,2.20,110.00,9.00,0.09,9,273.00,0.22,2161,282.00,17.50,269.00,-0.70,9,273.00,1.20,1518,237.00,15.90,272.00,-2.10,9,273.00,3.80,1662,405.00,12.30,273.00
2025-01-07 00:45:00,1.30,109.00,9.00,0.05,9,273.00,0.20,2120,272.00,17.60,272.00,-0.40,9,273.00,1.00,1359,224.00,15.40,270.00,-1.20,9,273.00,3.20,1621,352.00,13.40,272.00
2025-01-07 01:00:00,0.80,111.00,9.00,0.05,9,274.00,0.21,2043,268.00,17.40,272.00,-0.20,9,274.00,1.20,1325,228.00,15.10,270.00,-0.70,9,274.00,2.10,1615,319.00,14.10,269.00
2025-01-07 01:15:00,1.90,114.00,9.00,0.07,9,275.00,0.22,1982,265.00,16.50,255.00,-0.50,9,275.00,1.50,1368,242.00,14.20,254.00,-1.90,9,275.00,3.80,1518,373.00,11.90,254.00
2025-01-07 01:30:00,2.10,121.00,9.00,0.08,9,274.00,0.22,2192,285.00,17.60,273.00,-0.30,9,274.00,1.20,1471,237.00,15.60,271.00,-2.10,9,274.00,3.80,1621,389.00,12.50,274.00
2025-01-07 01:45:00,2.30,123.00,9.00,0.07,9,273.00,0.24,2193,292.00,17.30,273.00,-0.20,9,273.00,1.40,1512,251.00,15.50,272.00,-2.20,9,273.00,4.10,1631,406.00,12.20,272.00
2025-01-07 02:00:00,1.90,117.00,9.00,0.09,9,274.00,0.18,2137,267.00,17.80,273.00,-0.40,9,274.00,1.20,1512,236.00,16.00,272.00,-1.90,9,274.00,3.60,1566,357.00,13.00,274.00
2025-01-07 02:15:00,1.70,113.00,9.00,0.10,9,274.00,0.20,1960,256.00,16.70,255.00,-0.40,9,274.00,1.00,1371,222.00,14.90,253.00,-1.60,9,274.00,3.20,1472,342.00,12.20,255.00
2025-01-07 02:30:00,4.40,127.00,9.00,0.10,2,273.00,0.31,2388,355.00,16.50,272.00,-0.10,2,273.00,1.50,1950,326.00,15.30,270.00,-4.40,2,273.00,4.80,1916,495.00,12.00,273.00
2025-01-07 02:45:00,4.80,123.00,9.00,0.07,2,273.00,0.27,2335,327.00,17.00,271.00,-0.40,2,273.00,1.40,1746,282.00,15.60,273.00,-4.80,2,273.00,5.50,1796,502.00,11.10,272.00
2025-01-07 03:00:00,5.60,123.00,9.00,0.09,2,272.00,0.29,2383,350.00,16.50,268.00,-0.50,2,272.00,1.40,1885,301.00,15.70,272.00,-5.50,2,272.00,5.70,2000,559.00,11.00,271.00
2025-01-07 03:15:00,5.50,120.00,9.00,0.02,2,275.00,0.26,2274,317.00,16.20,251.00,-0.80,2,275.00,1.30,1754,297.00,14.60,251.00,-5.40,2,275.00,5.60,1755,497.00,10.50,255.00
2025-01-07 03:30:00,5.10,120.00,9.00,0.05,2,273.00,0.28,2450,321.00,17.50,270.00,-0.70,2,273.00,1.40,2008,299.00,16.30,272.00,-5.10,2,273.00,5.10,1901,515.00,11.30,272.00
2025-01-07 03:45:00,6.60,124.00,9.00,0.09,2,272.00,0.40,2711,424.00,16.10,269.00,-0.40,2,272.00,1.60,2366,374.00,15.80,268.00,-6.60,2,272.00,5.10,2359,612.00,11.40,269.00
2025-01-07 04:00:00,7.70,129.00,9.00,0.20,9,273.00,0.48,3195,555.00,15.30,269.00,0.20,9,273.00,2.40,3032,499.00,15.60,272.00,-7.70,2,273.00,4.30,2946,733.00,11.80,272.00
2025-01-07 04:15:00,6.90,124.00,9.00,0.19,9,274.00,0.42,2736,447.00,15.00,254.00,-0.40,9,274.00,1.80,2655,421.00,15.00,254.00,-6.80,2,274.00,4.10,2542,610.00,11.60,253.00
2025-01-07 04:30:00,7.70,125.00,9.00,0.22,9,273.00,0.39,2969,473.00,15.90,270.00,-0.30,9,273.00,1.70,2962,435.00,16.50,271.00,-7.60,2,273.00,3.60,2822,656.00,12.40,273.00
2025-01-07 04:45:00,7.80,126.00,9.00,0.13,9,273.00,0.41,2977,470.00,16.00,271.00,-0.20,9,273.00,2.00,2845,453.00,15.70,272.00,-7.80,2,273.00,4.00,2824,670.00,12.20,273.00
2025-01-07 05:00:00,7.10,131.00,9.00,0.21,9,273.00,0.46,3265,524.00,15.90,271.00,0.40,9,273.00,1.90,3186,504.00,15.90,273.00,-7.10,2,273.00,3.20,3278,729.00,12.90,273.00
2025-01-07 05:15:00,7.60,131.00,9.00,0.27,9,274.00,0.50,3350,524.00,15.20,254.00,0.40,9,274.00,1.90,3404,506.00,15.70,253.00,-7.60,2,274.00,2.90,3275,677.00,12.70,255.00
2025-01-07 05:30:00,6.40,128.00,9.00,0.27,9,273.00,0.44,3173,479.00,16.30,272.00,0.00,9,273.00,1.80,3028,473.00,16.00,273.00,-6.40,2,273.00,3.20,2898,643.00,12.80,273.00
2025-01-07 05:45:00,6.60,129.00,9.00,0.23,9,272.00,0.42,3304,533.00,15.80,269.00,0.10,9,272.00,1.70,3494,522.00,16.40,268.00,-6.60,2,272.00,3.00,3217,674.00,13.30,272.00
2025-01-07 06:00:00,6.80,126.00,9.00,0.35,9,273.00,0.42,3524,555.00,16.10,268.00,-0.20,9,273.00,1.70,3456,502.00,16.60,272.00,-6.80,2,273.00,2.50,3533,670.00,14.20,273.00
2025-01-07 06:15:00,3.80,129.00,9.00,0.17,9,274.00,0.33,2673,390.00,15.80,252.00,0.10,9,274.00,1.60,2513,380.00,15.20,254.00,-3.80,2,274.00,2.80,2568,472.00,13.90,255.00
2025-01-07 06:30:00,2.40,119.00,9.00,0.05,9,273.00,0.31,2594,332.00,17.70,273.00,-0.40,9,273.00,1.20,2158,291.00,17.20,273.00,-2.30,9,273.00,2.00,2528,397.00,16.10,273.00
2025-01-07 06:45:00,1.90,115.00,9.00,0.00,9,272.00,0.26,2529,311.00,18.00,271.00,-0.40,9,272.00,1.20,2276,288.00,17.70,272.00,-1.80,9,272.00,1.80,2337,359.00,16.50,272.00
2025-01-07 07:00:00,1.60,110.00,9.00,0.04,9,273.00,0.24,2463,294.00,18.30,271.00,-0.50,9,273.00,1.30,2012,270.00,17.00,273.00,-1.50,9,273.00,1.80,2174,315.00,16.90,272.00
2025-01-07 07:15:00,2.70,119.00,9.00,0.05,9,274.00,0.23,2377,275.00,17.60,255.00,-0.40,9,274.00,1.20,2008,261.00,16.60,254.00,-2.70,9,274.00,2.20,2005,365.00,14.10,255.00
2025-01-07 07:30:00,2.40,121.00,9.00,0.14,9,272.00,0.27,2306,284.00,18.00,271.00,-0.30,9,272.00,1.00,1904,246.00,17.40,270.00,-2.40,9,272.00,1.60,2053,328.00,15.90,272.00
2025-01-07 07:45:00,2.60,118.00,9.00,0.12,9,273.00,0.21,2501,298.00,18.20,271.00,-0.50,9,273.00,1.10,2156,275.00,17.60,271.00,-2.60,9,273.00,1.90,2227,346.00,16.20,273.00
2025-01-07 08:00:00,2.10,115.00,9.00,0.13,9,272.00,0.20,2414,333.00,17.10,269.00,-0.50,9,272.00,0.90,1930,273.00,16.80,270.00,-2.00,9,272.00,1.70,2342,394.00,15.70,270.00
2025-01-07 08:15:00,2.10,119.00,9.00,0.12,9,275.00,0.24,2200,288.00,16.70,253.00,-0.30,9,275.00,1.10,1685,242.00,15.90,255.00,-2.10,9,275.00,2.00,1950,324.00,15.20,254.00
2025-01-07 08:30:00,1.40,107.00,9.00,0.06,9,271.00,0.21,2097,266.00,17.60,270.00,-0.50,9,271.00,0.90,1673,222.00,17.30,271.00,-1.30,9,271.00,1.60,1954,292.00,16.70,271.00
2025-01-07 08:45:00,2.30,124.00,9.00,0.00,9,271.00,0.20,2572,313.00,18.10,270.00,-0.20,9,271.00,0.90,2131,266.00,17.70,271.00,-2.30,9,271.00,2.10,2400,387.00,16.20,271.00
2025-01-07 09:00:00,4.40,133.00,9.00,0.21,9,272.00,0.28,3128,392.00,17.80,272.00,0.40,9,272.00,1.20,2985,376.00,17.60,272.00,-4.40,2,272.00,1.90,3008,523.00,15.10,272.00
2025-01-07 09:15:00,3.20,121.00,9.00,0.17,9,275.00,0.26,2280,298.00,16.70,254.00,-0.40,9,275.00,1.30,1893,268.00,15.80,254.00,-3.20,2,275.00,2.40,2087,388.00,13.90,255.00
2025-01-07 09:30:00,1.80,119.00,9.00,0.05,9,272.00,0.21,2064,260.00,17.80,271.00,-0.30,9,272.00,1.10,1739,238.00,16.90,268.00,-1.80,9,272.00,2.80,1722,318.00,15.10,272.00
2025-01-07 09:45:00,6.20,127.00,9.00,0.24,9,272.00,0.53,3304,545.00,15.60,271.00,-0.20,9,272.00,2.30,3168,521.00,15.50,269.00,-6.20,2,272.00,3.60,3046,656.00,13.00,270.00
2025-01-07 10:00:00,6.20,128.00,9.00,0.19,2,273.00,0.42,3008,483.00,15.90,271.00,-0.10,2,273.00,2.00,2954,459.00,16.00,273.00,-6.20,2,273.00,3.20,2980,627.00,13.40,273.00
2025-01-07 10:15:00,6.40,130.00,9.00,0.21,2,275.00,0.48,3538,549.00,15.30,255.00,0.30,2,275.00,2.00,3463,556.00,15.10,255.00,-6.40,2,275.00,2.80,3505,667.00,13.50,255.00
2025-01-07 10:30:00,6.90,129.00,9.00,0.32,2,272.00,0.50,3386,551.00,15.80,270.00,0.10,2,272.00,2.00,3488,540.00,16.00,270.00,-6.90,2,272.00,2.90,3419,692.00,13.70,271.00
2025-01-07 10:45:00,6.70,129.00,9.00,0.17,2,272.00,0.43,2862,446.00,16.10,270.00,0.20,2,272.00,1.70,2728,395.00,16.50,272.00,-6.70,2,272.00,3.60,2649,600.00,12.60,272.00
2025-01-07 11:00:00,7.40,124.00,9.00,0.20,2,274.00,0.41,2955,445.00,16.30,269.00,-0.50,2,274.00,1.70,2935,414.00,16.80,273.00,-7.30,2,274.00,3.50,2790,636.00,12.50,274.00
2025-01-07 11:15:00,7.40,126.00,9.00,0.11,2,275.00,0.36,2614,417.00,15.10,252.00,-0.20,2,275.00,1.80,2610,407.00,15.30,255.00,-7.40,2,275.00,4.30,2301,590.00,11.00,255.00
2025-01-07 11:30:00,6.50,126.00,9.00,0.15,2,273.00,0.36,2827,429.00,16.30,271.00,-0.20,2,273.00,1.60,2648,396.00,16.30,273.00,-6.50,2,273.00,3.70,2530,612.00,12.10,273.00
2025-01-07 11:45:00,5.90,131.00,9.00,0.13,2,273.00,0.29,2819,419.00,16.30,271.00,0.30,2,273.00,1.40,2616,369.00,16.70,273.00,-5.90,2,273.00,3.80,2566,603.00,12.10,273.00
2025-01-07 12:00:00,5.60,129.00,9.00,0.14,2,274.00,0.31,2737,401.00,16.50,269.00,0.10,2,274.00,1.40,2544,367.00,16.50,272.00,-5.60,2,274.00,3.50,2467,561.00,12.60,274.00
2025-01-07 12:15:00,4.90,121.00,9.00,0.01,2,275.00,0.27,2022,276.00,16.20,254.00,-0.60,2,275.00,1.30,1653,245.00,15.70,253.00,-4.90,2,275.00,4.70,1606,446.00,10.70,256.00
2025-01-07 12:30:00,5.10,125.00,9.00,0.01,2,273.00,0.28,2259,319.00,17.00,268.00,-0.30,2,273.00,1.30,1805,278.00,16.10,269.00,-5.10,2,273.00,4.70,1742,476.00,11.20,273.00
2025-01-07 12:45:00,5.30,121.00,9.00,0.10,2,274.00,0.34,2305,337.00,16.50,271.00,-0.70,2,274.00,1.60,2066,308.00,16.30,274.00,-5.20,2,274.00,4.00,2045,485.00,12.30,274.00
2025-01-07 13:00:00,4.10,117.00,9.00,0.04,2,273.00,0.27,2425,319.00,17.50,272.00,-0.80,2,273.00,1.30,2029,274.00,17.10,273.00,-4.00,2,273.00,3.30,1971,463.00,12.50,273.00
2025-01-07 13:15:00,2.70,111.00,9.00,0.05,2,275.00,0.22,1932,298.00,15.50,251.00,-0.80,2,275.00,1.10,1477,238.00,15.10,248.00,-2.50,2,275.00,2.80,1556,380.00,11.90,254.00
2025-01-07 13:30:00,1.70,103.00,9.00,0.03,2,273.00,0.20,1974,254.00,17.60,268.00,-0.70,2,273.00,1.10,1377,196.00,16.60,273.00,-1.50,2,273.00,1.90,1514,284.00,14.70,271.00
2025-01-07 13:45:00,1.30,110.00,9.00,0.08,2,274.00,0.21,1864,261.00,16.90,270.00,-0.40,2,274.00,0.90,1307,187.00,16.50,274.00,-1.20,2,274.00,1.20,1467,230.00,16.20,269.00
2025-01-07 14:00:00,2.70,105.00,9.00,0.03,2,273.00,0.22,2029,256.00,17.70,271.00,-1.10,2,273.00,1.30,1475,215.00,16.40,273.00,-2.50,2,273.00,3.50,1528,373.00,12.50,272.00
2025-01-07 14:15:00,3.20,123.00,9.00,0.11,2,275.00,0.25,2144,286.00,16.50,254.00,-0.30,2,275.00,1.30,1789,247.00,16.10,253.00,-3.20,2,275.00,2.70,1782,391.00,12.80,255.00
2025-01-07 14:30:00,0.90,137.00,9.00,0.02,2,273.00,0.23,1827,251.00,17.10,273.00,0.10,2,273.00,0.90,1389,194.00,16.70,273.00,-0.90,2,273.00,1.30,1522,225.00,16.80,268.00
2025-01-07 14:45:00,2.00,110.00,9.00,0.12,2,273.00,0.23,1953,271.00,17.10,269.00,-0.60,2,273.00,1.10,1399,208.00,16.30,271.00,-1.90,2,273.00,2.30,1451,300.00,13.70,272.00
2025-01-07 15:00:00,0.80,100.00,9.00,0.03,2,273.00,0.19,1786,241.00,17.30,272.00,-0.40,2,273.00,0.90,1107,190.00,15.30,269.00,-0.70,2,273.00,1.90,1243,260.00,13.80,264.00
2025-01-07 15:15:00,0.50,107.00,9.00,0.04,2,276.00,0.19,1737,237.00,17.00,254.00,-0.20,2,276.00,0.90,1099,182.00,15.20,254.00,-0.50,2,276.00,1.20,1225,219.00,14.70,247.00
2025-01-07 15:30:00,0.40,131.00,9.00,0.07,2,273.00,0.21,1848,247.00,17.20,270.00,0.00,2,273.00,0.90,1131,182.00,15.60,268.00,-0.40,2,273.00,0.80,1424,201.00,16.80,263.00
2025-01-07 15:45:00,0.40,129.00,9.00,0.03,2,273.00,0.20,1798,233.00,17.40,270.00,0.00,2,273.00,0.90,1136,178.00,15.80,265.00,-0.40,2,273.00,0.90,1337,217.00,15.80,264.00
2025-01-07 16:00:00,1.90,120.00,9.00,0.16,2,273.00,0.29,1893,280.00,16.60,266.00,-0.30,2,273.00,1.30,1387,210.00,16.10,270.00,-1.90,2,273.00,2.20,1430,280.00,14.30,256.00
2025-01-07 16:15:00,2.30,118.00,9.00,0.12,2,276.00,0.25,1759,254.00,16.10,251.00,-0.40,2,276.00,1.20,1277,199.00,15.20,251.00,-2.30,2,276.00,3.10,1309,292.00,12.70,256.00
2025-01-07 16:30:00,0.90,106.00,9.00,0.06,2,273.00,0.18,1777,224.00,17.70,268.00,-0.30,2,273.00,0.80,1138,172.00,16.10,272.00,-0.80,2,273.00,1.70,1269,237.00,14.70,268.00
2025-01-07 16:45:00,0.70,129.00,9.00,0.09,2,273.00,0.21,1938,268.00,17.10,271.00,0.00,2,273.00,0.90,1249,190.00,16.20,269.00,-0.70,2,273.00,0.90,1441,233.00,15.80,271.00
2025-01-07 17:00:00,3.30,130.00,9.00,0.18,2,273.00,0.28,2144,349.00,15.80,268.00,0.10,2,273.00,1.30,1658,271.00,15.50,266.00,-3.30,2,273.00,3.30,1700,402.00,12.70,272.00
2025-01-07 17:15:00,0.80,170.00,9.00,0.12,2,275.00,0.28,2023,301.00,15.70,250.00,0.60,2,275.00,1.60,1345,241.00,14.20,251.00,-0.60,2,275.00,1.00,1628,225.00,16.30,252.00
2025-01-07 17:30:00,0.20,121.00,9.00,0.06,9,274.00,0.21,2170,275.00,17.80,273.00,0.00,9,274.00,1.00,1416,224.00,16.00,270.00,-0.20,9,274.00,0.80,1831,214.00,18.80,269.00
2025-01-07 17:45:00,0.30,28.00,9.00,0.05,9,273.00,0.20,2132,250.00,18.40,270.00,-0.30,9,273.00,1.10,1186,190.00,15.70,272.00,0.10,9,273.00,0.70,1608,196.00,18.30,268.00
2025-01-07 18:00:00,0.50,132.00,9.00,0.10,9,273.00,0.19,2218,269.00,18.10,269.00,0.00,9,273.00,1.20,1234,220.00,14.90,268.00,-0.50,9,273.00,0.80,1714,214.00,18.00,271.00
2025-01-07 18:15:00,1.40,156.00,9.00,0.21,9,275.00,0.28,2130,350.00,15.00,251.00,0.70,9,275.00,1.80,1486,279.00,13.80,251.00,-1.20,9,275.00,1.50,1693,295.00,14.70,251.00
2025-01-07 18:30:00,0.90,128.00,9.00,0.09,9,273.00,0.21,2240,301.00,17.30,269.00,0.00,9,273.00,1.70,1514,260.00,15.20,272.00,-0.90,9,273.00,1.80,1722,294.00,15.60,268.00
2025-01-07 18:45:00,2.30,132.00,9.00,0.18,9,273.00,0.27,2189,349.00,15.90,269.00,0.10,9,273.00,1.20,1673,272.00,15.70,270.00,-2.30,9,273.00,2.50,1855,379.00,13.90,272.00
2025-01-07 19:00:00,2.50,127.00,9.00,0.29,9,274.00,0.34,2291,389.00,15.40,269.00,0.00,9,274.00,1.40,1821,297.00,15.50,271.00,-2.50,9,274.00,2.30,1948,395.00,14.10,274.00
2025-01-07 19:15:00,3.30,120.00,9.00,0.24,9,275.00,0.30,2092,314.00,15.70,251.00,-0.50,9,275.00,1.30,1800,267.00,15.60,255.00,-3.30,2,275.00,3.10,1739,392.00,12.50,256.00
2025-01-07 19:30:00,4.10,126.00,9.00,0.31,9,273.00,0.35,2202,369.00,15.60,268.00,-0.20,9,273.00,1.40,1871,282.00,16.30,273.00,-4.10,2,273.00,3.40,1885,441.00,12.60,273.00
2025-01-07 19:45:00,4.10,119.00,9.00,0.36,9,273.00,0.41,2188,342.00,16.10,268.00,-0.70,9,273.00,1.50,1834,262.00,16.70,270.00,-4.10,2,273.00,3.30,1874,405.00,13.40,273.00
2025-01-07 20:00:00,3.90,133.00,9.00,0.36,9,273.00,0.36,2188,373.00,15.40,269.00,0.30,9,273.00,2.00,1873,300.00,15.80,272.00,-3.90,2,273.00,2.80,1899,438.00,12.70,273.00
2025-01-07 20:15:00,3.90,124.00,9.00,0.35,9,275.00,0.49,1905,343.00,14.30,251.00,-0.30,9,275.00,1.40,1446,239.00,14.80,255.00,-3.90,2,275.00,3.50,1523,372.00,11.80,256.00
2025-01-07 20:30:00,0.70,162.00,9.00,0.15,9,273.00,0.21,1865,300.00,15.90,268.00,0.40,9,273.00,1.40,1217,233.00,14.40,269.00,-0.60,9,273.00,0.90,1517,223.00,16.60,268.00
2025-01-07 20:45:00,0.30,164.00,9.00,0.08,9,273.00,0.19,2156,230.00,19.00,272.00,0.20,9,273.00,1.00,1061,184.00,15.00,271.00,-0.20,9,273.00,0.70,1492,168.00,18.80,270.00
2025-01-07 21:00:00,0.40,177.00,9.00,0.08,9,273.00,0.19,2020,248.00,18.10,268.00,0.30,9,273.00,1.00,1191,207.00,15.10,272.00,-0.30,9,273.00,0.60,1564,197.00,17.90,269.00
2025-01-07 21:15:00,1.20,184.00,9.00,0.11,9,276.00,0.18,1831,276.00,15.60,252.00,1.00,9,276.00,2.00,1219,258.00,12.90,252.00,-0.70,9,276.00,1.30,1483,240.00,15.10,251.00
2025-01-07 21:30:00,0.60,145.00,9.00,0.12,9,273.00,0.18,2108,255.00,18.20,271.00,0.20,9,273.00,1.20,1145,217.00,14.40,268.00,-0.60,9,273.00,1.00,1521,215.00,17.00,268.00
2025-01-07 21:45:00,0.80,126.00,9.00,0.11,9,273.00,0.23,1932,258.00,17.40,268.00,0.00,9,273.00,1.40,1204,219.00,14.90,268.00,-0.80,9,273.00,1.60,1399,256.00,15.00,268.00
2025-01-07 22:00:00,1.60,147.00,9.00,0.14,9,274.00,0.28,1861,280.00,16.60,269.00,0.50,9,274.00,1.50,1293,226.00,15.00,272.00,-1.50,9,274.00,2.20,1457,286.00,14.50,269.00
2025-01-07 22:15:00,0.60,186.00,9.00,0.06,9,275.00,0.21,1868,247.00,16.70,251.00,0.50,9,275.00,1.30,1045,204.00,13.70,251.00,-0.30,9,275.00,0.80,1318,193.00,15.90,252.00
2025-01-07 22:30:00,0.40,177.00,9.00,0.02,9,273.00,0.18,1951,221.00,18.70,268.00,0.30,9,273.00,1.00,1091,190.00,15.00,268.00,-0.30,9,273.00,1.10,1333,190.00,17.10,268.00
2025-01-07 22:45:00,0.50,164.00,9.00,0.10,9,273.00,0.16,2073,241.00,18.40,270.00,0.30,9,273.00,1.10,1112,202.00,14.70,269.00,-0.40,9,273.00,0.70,1465,198.00,17.30,268.00
2025-01-07 23:00:00,0.30,100.00,9.00,0.08,9,273.00,0.15,2061,231.00,18.80,272.00,-0.20,9,273.00,0.90,1101,182.00,15.40,269.00,-0.30,9,273.00,0.70,1414,195.00,17.10,270.00
2025-01-07 23:15:00,0.60,139.00,9.00,0.08,9,276.00,0.15,1892,216.00,17.50,255.00,0.10,9,276.00,0.90,1038,179.00,14.50,255.00,-0.60,9,276.00,1.00,1334,201.00,15.50,251.00
2025-01-07 23:30:00,2.90,121.00,9.00,0.09,9,273.00,0.22,1965,257.00,17.60,268.00,-0.30,9,273.00,1.50,1507,232.00,16.00,273.00,-2.90,2,273.00,3.80,1498,376.00,12.30,273.00
2025-01-07 23:45:00,3.50,118.00,9.00,0.12,9,273.00,0.27,1956,264.00,17.20,273.00,-0.60,9,273.00,1.00,1563,218.00,16.90,272.00,-3.50,2,273.00,4.10,1478,389.00,11.60,273.00
2025-01-08 00:00:00,2.40,120.00,9.00,0.10,9,273.00,0.21,1844,250.00,17.20,268.00,-0.40,9,273.00,1.20,1434,213.00,16.10,271.00,-2.40,2,273.00,3.60,1453,348.00,12.50,269.00
2025-01-08 00:15:00,4.30,122.00,9.00,0.31,9,276.00,0.39,1968,331.00,14.80,254.00,-0.40,9,276.00,1.40,1767,274.00,15.20,254.00,-4.30,2,276.00,3.30,1652,369.00,12.40,256.00
2025-01-08 00:30:00,1.30,136.00,9.00,0.12,9,273.00,0.23,1944,271.00,17.00,269.00,0.20,9,273.00,1.30,1416,240.00,15.10,268.00,-1.30,9,273.00,2.00,1558,288.00,14.70,269.00
2025-01-08 00:45:00,0.10,128.00,9.00,0.04,9,274.00,0.16,1815,216.00,18.30,271.00,0.00,9,274.00,0.90,1018,190.00,14.60,266.00,-0.10,9,274.00,0.50,1438,192.00,17.70,271.00
2025-01-08 01:00:00,0.20,67.00,9.00,0.08,9,273.00,0.14,2319,217.00,20.20,272.00,-0.20,9,273.00,0.90,1073,166.00,15.90,272.00,-0.10,9,273.00,0.60,1619,156.00,19.90,273.00
2025-01-08 01:15:00,0.20,25.00,9.00,0.09,9,276.00,0.12,2739,218.00,20.60,256.00,-0.20,9,276.00,0.60,1075,166.00,15.30,254.00,0.00,9,276.00,0.50,1632,169.00,18.30,255.00
2025-01-08 01:30:00,0.60,120.00,9.00,0.07,9,273.00,0.12,3036,231.00,22.20,272.00,-0.10,9,273.00,0.70,1346,188.00,16.70,269.00,-0.50,9,273.00,0.80,1576,197.00,17.80,272.00
2025-01-08 01:45:00,0.30,113.00,9.00,0.06,9,274.00,0.12,2564,218.00,21.20,274.00,-0.10,9,274.00,0.80,1140,178.00,15.90,273.00,-0.30,9,274.00,0.70,1525,164.00,19.00,272.00
2025-01-08 02:00:00,0.20,110.00,9.00,0.07,9,273.00,0.13,2447,257.00,20.20,268.00,-0.10,9,273.00,0.70,1197,201.00,15.70,259.00,-0.20,9,273.00,0.60,1552,196.00,18.30,270.00
2025-01-08 02:15:00,0.20,101.00,9.00,0.07,9,276.00,0.13,2221,186.00,20.20,255.00,-0.10,9,276.00,0.60,998,152.00,15.40,254.00,-0.20,9,276.00,0.60,1427,137.00,19.00,256.00
2025-01-08 02:30:00,0.40,73.00,9.00,0.06,9,273.00,0.14,2465,245.00,20.10,273.00,-0.30,9,273.00,0.70,993,201.00,14.30,259.00,-0.20,9,273.00,0.40,1747,210.00,18.70,270.00
2025-01-08 02:45:00,0.30,124.00,9.00,0.08,9,273.00,0.11,2560,216.00,21.40,272.00,0.00,9,273.00,0.70,1005,177.00,14.80,272.00,-0.30,9,273.00,0.60,1335,185.00,17.00,269.00
2025-01-08 03:00:00,0.60,136.00,9.00,0.11,9,274.00,0.13,2097,273.00,17.60,274.00,0.10,9,274.00,0.80,1099,237.00,13.30,265.00,-0.50,9,274.00,0.60,1568,249.00,16.00,268.00
2025-01-08 03:15:00,0.70,131.00,9.00,0.13,9,275.00,0.15,2154,226.00,18.30,256.00,0.00,9,275.00,0.80,1137,190.00,14.70,252.00,-0.70,9,275.00,0.80,1366,206.00,15.70,252.00
2025-01-08 03:30:00,0.40,110.00,9.00,0.07,9,274.00,0.19,1962,249.00,17.70,273.00,-0.10,9,274.00,0.80,1219,193.00,15.70,270.00,-0.40,9,274.00,0.80,1539,214.00,17.20,269.00
2025-01-08 03:45:00,0.40,124.00,9.00,0.04,9,273.00,0.18,1977,278.00,17.10,272.00,0.00,9,273.00,1.00,1198,214.00,15.00,267.00,-0.40,9,273.00,0.80,1536,234.00,16.40,268.00
2025-01-08 04:00:00,0.60,119.00,9.00,0.07,9,274.00,0.17,2096,231.00,18.90,274.00,-0.10,9,274.00,0.90,1321,197.00,16.30,269.00,-0.60,9,274.00,0.80,1486,211.00,16.90,269.00
2025-01-08 04:15:00,0.30,113.00,9.00,0.06,9,275.00,0.16,1997,229.00,17.60,254.00,-0.10,9,275.00,0.90,1134,183.00,15.00,253.00,-0.30,9,275.00,0.80,1471,205.00,16.20,251.00
2025-01-08 04:30:00,0.40,101.00,9.00,0.08,9,273.00,0.19,1942,242.00,17.80,273.00,-0.20,9,273.00,0.80,1067,182.00,15.10,273.00,-0.40,9,273.00,0.60,1591,172.00,19.20,273.00
2025-01-08 04:45:00,0.30,105.00,9.00,0.08,9,274.00,0.17,1889,238.00,17.70,272.00,-0.10,9,274.00,0.80,1063,177.00,15.30,273.00,-0.30,9,274.00,0.60,1477,170.00,18.50,272.00
2025-01-08 05:00:00,0.30,99.00,9.00,0.10,9,273.00,0.17,2059,221.00,19.20,271.00,-0.20,9,273.00,0.70,1174,172.00,16.30,273.00,-0.30,9,273.00,0.50,1492,181.00,18.00,269.00
2025-01-08 05:15:00,0.40,78.00,9.00,0.08,9,275.00,0.17,1794,212.00,17.40,253.00,-0.30,9,275.00,0.70,1057,170.00,15.00,254.00,-0.20,9,275.00,0.50,1323,159.00,17.30,254.00
2025-01-08 05:30:00,0.40,70.00,9.00,0.10,9,274.00,0.17,1855,257.00,17.10,274.00,-0.30,9,274.00,0.90,1009,199.00,13.90,271.00,-0.20,9,274.00,0.50,1443,189.00,17.70,268.00
2025-01-08 05:45:00,0.50,98.00,9.00,0.14,9,273.00,0.13,2005,216.00,19.00,273.00,-0.30,9,273.00,0.60,1124,159.00,16.70,273.00,-0.40,9,273.00,0.60,1362,160.00,18.20,272.00
2025-01-08 06:00:00,0.40,100.00,9.00,0.14,9,273.00,0.15,2230,223.00,19.80,273.00,-0.20,9,273.00,0.60,1126,164.00,16.50,273.00,-0.40,9,273.00,0.60,1450,156.00,19.10,271.00
2025-01-08 06:15:00,0.30,104.00,9.00,0.18,9,276.00,0.12,1908,200.00,18.40,254.00,-0.10,9,276.00,0.60,950,156.00,14.50,253.00,-0.30,9,276.00,0.40,1747,160.00,19.40,255.00
2025-01-08 06:30:00,0.60,111.00,9.00,0.13,9,273.00,0.15,2182,220.00,19.70,273.00,-0.20,9,273.00,0.70,1022,165.00,15.60,271.00,-0.60,9,273.00,0.70,1334,164.00,17.90,271.00
2025-01-08 06:45:00,0.40,123.00,9.00,0.08,9,273.00,0.13,2392,224.00,20.40,271.00,0.00,9,273.00,0.60,1074,166.00,15.90,273.00,-0.40,9,273.00,0.60,1439,161.00,18.60,272.00
2025-01-08 07:00:00,0.30,106.00,9.00,0.09,9,274.00,0.15,2568,228.00,20.90,274.00,-0.10,9,274.00,0.60,1288,169.00,17.30,273.00,-0.30,9,274.00,0.60,1541,165.00,19.20,273.00
2025-01-08 07:15:00,0.50,139.00,9.00,0.10,9,275.00,0.10,2946,239.00,20.80,255.00,0.10,9,275.00,0.70,1063,185.00,14.40,250.00,-0.50,9,275.00,0.60,1540,188.00,17.30,255.00
2025-01-08 07:30:00,0.30,79.00,9.00,0.12,9,273.00,0.10,2827,223.00,21.90,272.00,-0.20,9,273.00,0.70,1285,180.00,16.80,273.00,-0.20,9,273.00,0.50,1806,189.00,19.40,271.00
2025-01-08 07:45:00,0.20,102.00,9.00,0.09,9,273.00,0.08,3369,263.00,21.90,272.00,-0.10,9,273.00,0.70,1023,182.00,14.70,271.00,-0.20,9,273.00,0.60,1772,176.00,19.70,273.00
2025-01-08 08:00:00,0.20,148.00,9.00,0.08,9,273.00,0.08,3566,254.00,22.80,272.00,0.10,9,273.00,0.60,1114,174.00,15.70,272.00,-0.20,9,273.00,0.60,1721,180.00,19.20,273.00
2025-01-08 08:15:00,0.70,164.00,9.00,0.07,9,276.00,0.04,3933,228.00,23.40,255.00,0.40,9,276.00,0.60,901,173.00,13.40,256.00,-0.60,9,276.00,0.60,1315,166.00,17.00,256.00
2025-01-08 08:30:00,0.30,348.00,9.00,0.06,9,273.00,0.12,3170,275.00,20.90,273.00,-0.20,9,273.00,0.60,1223,180.00,16.20,271.00,0.20,9,273.00,0.60,1935,185.00,20.10,273.00
2025-01-08 08:45:00,0.30,87.00,9.00,0.12,9,273.00,0.13,3259,243.00,22.50,273.00,-0.20,9,273.00,0.80,1031,182.00,14.70,271.00,-0.20,9,273.00,0.50,1782,173.00,20.00,272.00
2025-01-08 09:00:00,0.20,63.00,9.00,0.10,9,274.00,0.12,2970,253.00,21.30,273.00,-0.10,9,274.00,0.60,1243,194.00,16.10,267.00,-0.10,9,274.00,0.50,1871,182.00,20.20,272.00
2025-01-08 09:15:00,0.30,106.00,9.00,0.12,9,275.00,0.13,2424,221.00,20.10,256.00,-0.10,9,275.00,0.50,1184,179.00,15.90,255.00,-0.30,9,275.00,0.50,1567,161.00,19.10,256.00
2025-01-08 09:30:00,0.30,147.00,9.00,0.04,9,273.00,0.13,2475,211.00,20.80,271.00,0.10,9,273.00,0.80,1071,169.00,15.80,269.00,-0.30,9,273.00,0.60,1444,156.00,19.00,272.00
2025-01-08 09:45:00,0.20,88.00,9.00,0.06,9,273.00,0.16,2329,212.00,20.40,273.00,-0.10,9,273.00,0.70,1093,161.00,16.30,273.00,-0.20,9,273.00,0.60,1424,158.00,18.80,272.00
2025-01-08 10:00:00,0.40,146.00,9.00,0.07,2,273.00,0.16,2434,218.00,20.60,273.00,0.10,2,273.00,0.80,1150,178.00,16.00,271.00,-0.30,2,273.00,0.60,1635,162.00,19.80,270.00
2025-01-08 10:15:00,0.40,177.00,9.00,0.03,2,275.00,0.18,1807,217.00,17.30,254.00,0.30,2,275.00,1.10,1114,180.00,15.00,249.00,-0.30,2,275.00,0.80,1321,174.00,16.60,253.00
2025-01-08 10:30:00,0.30,181.00,9.00,0.00,2,273.00,0.15,1979,212.00,19.10,271.00,0.20,2,273.00,0.90,1138,174.00,16.10,270.00,-0.20,2,273.00,0.70,1402,170.00,18.10,268.00
2025-01-08 10:45:00,0.50,178.00,9.00,0.08,2,274.00,0.22,1986,235.00,18.40,272.00,0.40,2,274.00,1.20,1205,187.00,16.00,272.00,-0.30,2,274.00,0.80,1478,181.00,18.20,272.00
2025-01-08 11:00:00,0.30,179.00,9.00,0.01,2,273.00,0.19,1757,211.00,18.20,268.00,0.20,2,273.00,0.90,1066,167.00,16.00,270.00,-0.20,2,273.00,0.90,1311,176.00,17.50,264.00
2025-01-08 11:15:00,0.40,179.00,9.00,0.01,2,275.00,0.19,1708,201.00,17.50,256.00,0.30,2,275.00,1.00,1054,159.00,15.40,251.00,-0.30,2,275.00,0.70,1144,151.00,16.60,252.00
2025-01-08 11:30:00,0.30,157.00,9.00,-0.01,9,272.00,0.18,1671,199.00,18.20,271.00,0.20,9,272.00,1.00,1064,164.00,16.00,268.00,-0.30,9,272.00,0.80,1251,171.00,17.10,269.00
2025-01-08 11:45:00,0.50,182.00,9.00,0.04,2,273.00,0.21,1900,238.00,17.90,268.00,0.40,2,273.00,1.20,1237,185.00,16.30,270.00,-0.30,2,273.00,0.90,1501,196.00,17.60,268.00
2025-01-08 12:00:00,0.40,142.00,9.00,-0.01,9,273.00,0.17,1772,213.00,18.10,270.00,0.10,9,273.00,0.90,1179,169.00,16.60,268.00,-0.40,9,273.00,1.00,1318,192.00,16.60,269.00
2025-01-08 12:15:00,0.50,139.00,9.00,0.05,2,276.00,0.23,1627,225.00,16.20,253.00,0.10,2,276.00,1.00,1201,186.00,15.30,253.00,-0.50,2,276.00,0.90,1296,183.00,16.20,251.00
2025-01-08 12:30:00,0.60,163.00,9.00,-0.01,2,273.00,0.20,1753,226.00,17.50,272.00,0.30,2,273.00,1.20,1251,198.00,15.80,272.00,-0.50,2,273.00,0.90,1404,206.00,16.60,268.00
2025-01-08 12:45:00,0.30,142.00,9.00,-0.01,2,273.00,0.18,1724,225.00,17.60,267.00,0.10,2,273.00,0.80,1194,189.00,16.00,267.00,-0.30,2,273.00,0.80,1270,194.00,16.30,266.00
2025-01-08 13:00:00,0.50,145.00,9.00,0.00,2,273.00,0.21,1759,230.00,17.60,271.00,0.10,2,273.00,1.10,1191,190.00,15.90,269.00,-0.50,2,273.00,1.00,1248,205.00,15.80,268.00
2025-01-08 13:15:00,0.50,180.00,9.00,-0.01,2,275.00,0.20,1627,217.00,16.50,255.00,0.40,2,275.00,1.30,1073,189.00,14.30,252.00,-0.30,2,275.00,0.80,1216,186.00,15.60,252.00
2025-01-08 13:30:00,0.40,131.00,9.00,0.00,2,273.00,0.19,1827,221.00,18.00,269.00,0.00,2,273.00,0.90,1164,187.00,15.70,268.00,-0.40,2,273.00,0.80,1281,173.00,17.40,270.00
2025-01-08 13:45:00,0.30,164.00,9.00,-0.03,2,274.00,0.19,1735,209.00,18.10,274.00,0.20,2,274.00,0.80,1134,167.00,16.40,272.00,-0.30,2,274.00,0.80,1270,174.00,17.20,270.00
2025-01-08 14:00:00,0.80,195.00,9.00,0.04,2,275.00,0.26,1887,272.00,16.90,270.00,0.70,2,275.00,1.70,1385,223.00,15.80,274.00,-0.30,2,275.00,1.10,1542,211.00,17.20,270.00
2025-01-08 14:15:00,0.30,185.00,9.00,0.02,2,276.00,0.18,1590,193.00,17.20,257.00,0.20,2,276.00,0.70,1078,153.00,16.00,252.00,-0.10,2,276.00,0.70,1298,143.00,17.90,255.00
2025-01-08 14:30:00,0.40,206.00,9.00,0.01,2,275.00,0.18,1634,213.00,17.60,272.00,0.40,2,275.00,0.80,1067,163.00,16.10,271.00,-0.10,2,275.00,0.60,1316,162.00,18.10,271.00
2025-01-08 14:45:00,0.40,176.00,9.00,0.06,2,275.00,0.17,1884,228.00,18.10,275.00,0.30,2,275.00,0.70,1256,185.00,16.20,273.00,-0.20,2,275.00,0.70,1391,162.00,18.40,274.00
2025-01-08 15:00:00,0.30,196.00,9.00,0.02,2,275.00,0.16,2018,227.00,18.70,275.00,0.30,2,275.00,0.70,1173,182.00,15.90,271.00,-0.10,2,275.00,0.70,1313,158.00,18.20,275.00
2025-01-08 15:15:00,0.70,143.00,9.00,0.07,2,275.00,0.15,2016,216.00,18.20,256.00,0.20,2,275.00,0.70,1304,178.00,16.30,254.00,-0.60,2,275.00,0.70,1315,160.00,17.30,256.00
2025-01-08 15:30:00,0.70,162.00,9.00,0.06,2,273.00,0.17,1974,225.00,18.60,273.00,0.40,2,273.00,0.70,1339,185.00,16.90,271.00,-0.50,2,273.00,0.70,1654,174.00,19.30,272.00
2025-01-08 15:45:00,0.60,194.00,9.00,0.01,2,273.00,0.16,2080,228.00,18.80,273.00,0.50,2,273.00,0.90,1194,185.00,15.90,272.00,-0.20,2,273.00,0.70,1478,172.00,18.30,272.00
2025-01-08 16:00:00,0.90,190.00,9.00,0.02,2,273.00,0.20,2048,235.00,18.40,273.00,0.80,2,273.00,0.90,1284,188.00,16.40,272.00,-0.40,2,273.00,0.90,1610,194.00,18.20,272.00
2025-01-08 16:15:00,0.90,192.00,9.00,0.01,2,275.00,0.18,1962,236.00,17.20,255.00,0.80,2,275.00,1.00,1220,198.00,14.90,254.00,-0.40,2,275.00,0.80,1521,185.00,17.40,251.00
2025-01-08 16:30:00,0.50,197.00,9.00,0.01,2,273.00,0.19,1995,237.00,18.10,273.00,0.50,2,273.00,0.90,1274,189.00,16.30,271.00,-0.20,2,273.00,0.60,1623,181.00,18.70,271.00
2025-01-08 16:45:00,0.20,181.00,9.00,0.04,2,273.00,0.16,2000,218.00,18.90,272.00,0.20,2,273.00,0.70,1130,168.00,16.30,272.00,-0.10,2,273.00,0.60,1538,163.00,19.10,273.00
2025-01-08 17:00:00,0.40,198.00,9.00,0.00,9,273.00,0.16,1981,228.00,18.50,273.00,0.40,9,273.00,0.80,1259,183.00,16.50,272.00,-0.20,9,273.00,0.70,1685,179.00,19.10,269.00
2025-01-08 17:15:00,1.00,169.00,9.00,0.02,2,275.00,0.17,2181,249.00,17.60,255.00,0.70,2,275.00,1.00,1418,217.00,15.10,254.00,-0.80,2,275.00,0.90,1615,207.00,16.70,254.00
2025-01-08 17:30:00,1.00,167.00,9.00,0.01,2,273.00,0.17,2476,259.00,19.30,272.00,0.70,2,273.00,0.90,1593,225.00,16.50,272.00,-0.80,2,273.00,0.90,1927,227.00,18.30,272.00
2025-01-08 17:45:00,1.10,172.00,9.00,0.03,2,273.00,0.17,2234,270.00,18.10,268.00,0.70,2,273.00,0.90,1507,226.00,16.00,270.00,-0.80,2,273.00,1.00,1883,230.00,18.30,273.00
2025-01-08 18:00:00,0.90,158.00,9.00,0.06,9,273.00,0.14,2294,253.00,18.80,272.00,0.40,9,273.00,0.70,1479,209.00,16.50,272.00,-0.80,9,273.00,1.30,1827,243.00,17.50,273.00
2025-01-08 18:15:00,0.30,160.00,9.00,0.06,9,275.00,0.18,1898,229.00,17.30,256.00,0.10,9,275.00,0.90,1125,195.00,14.30,256.00,-0.20,9,275.00,0.70,1736,197.00,18.00,253.00
2025-01-08 18:30:00,0.30,168.00,9.00,-0.02,9,273.00,0.16,2366,244.00,19.40,273.00,0.20,9,273.00,0.70,1312,211.00,15.60,271.00,-0.20,9,273.00,0.80,1802,225.00,17.90,270.00
2025-01-08 18:45:00,0.40,119.00,9.00,0.06,9,272.00,0.14,2355,249.00,19.10,272.00,-0.10,9,272.00,0.60,1363,201.00,16.30,270.00,-0.40,9,272.00,0.80,1746,224.00,17.70,268.00
2025-01-08 19:00:00,0.60,124.00,9.00,0.04,9,273.00,0.16,2108,245.00,18.40,272.00,0.00,9,273.00,0.60,1500,198.00,17.20,271.00,-0.50,9,273.00,0.80,1828,236.00,17.80,271.00
2025-01-08 19:15:00,0.60,123.00,9.00,0.05,9,275.00,0.15,1891,223.00,17.40,254.00,-0.10,9,275.00,0.70,1369,190.00,16.00,255.00,-0.60,9,275.00,0.90,1481,207.00,16.20,250.00
2025-01-08 19:30:00,0.30,117.00,9.00,0.06,9,273.00,0.16,1987,239.00,18.10,272.00,-0.10,9,273.00,0.60,1370,193.00,16.70,273.00,-0.30,9,273.00,0.70,1661,213.00,17.70,268.00
2025-01-08 19:45:00,0.60,122.00,9.00,0.08,9,273.00,0.18,2002,253.00,17.70,272.00,-0.10,9,273.00,0.60,1577,199.00,17.70,272.00,-0.60,9,273.00,1.00,1647,224.00,17.20,269.00
2025-01-08 20:00:00,0.90,146.00,9.00,0.09,9,273.00,0.20,2031,258.00,17.70,271.00,0.30,9,273.00,0.80,1450,213.00,16.40,272.00,-0.90,9,273.00,1.10,1679,250.00,16.50,273.00
2025-01-08 20:15:00,0.70,140.00,9.00,0.09,9,275.00,0.18,2059,297.00,16.20,253.00,0.10,9,275.00,0.80,1343,253.00,14.20,248.00,-0.70,9,275.00,1.20,1515,287.00,14.20,249.00
2025-01-08 20:30:00,1.20,142.00,9.00,0.10,9,273.00,0.17,2165,272.00,17.70,270.00,0.30,9,273.00,0.80,1538,219.00,16.50,271.00,-1.10,9,273.00,1.50,1669,277.00,15.60,273.00
2025-01-08 20:45:00,0.20,141.00,9.00,0.04,9,273.00,0.17,1984,257.00,17.50,272.00,0.10,9,273.00,0.70,1285,194.00,16.10,273.00,-0.20,9,273.00,0.80,1544,213.00,17.10,268.00
2025-01-08 21:00:00,0.50,126.00,9.00,0.02,9,272.00,0.18,2135,254.00,18.20,272.00,0.00,9,272.00,0.70,1476,194.00,17.20,271.00,-0.50,9,272.00,0.90,1571,229.00,16.70,267.00
2025-01-08 21:15:00,1.00,130.00,9.00,0.06,9,275.00,0.17,2062,250.00,17.10,255.00,0.00,9,275.00,0.80,1419,219.00,15.30,254.00,-1.00,9,275.00,1.20,1692,263.00,15.40,253.00
2025-01-08 21:30:00,2.50,145.00,9.00,0.06,9,273.00,0.24,2444,311.00,17.60,272.00,0.70,9,273.00,1.10,1971,282.00,16.40,271.00,-2.40,9,273.00,1.80,2180,375.00,15.30,272.00
2025-01-08 21:45:00,0.90,159.00,9.00,0.04,9,271.00,0.18,2232,269.00,18.20,269.00,0.50,9,271.00,1.00,1592,238.00,16.30,269.00,-0.80,9,271.00,1.30,1813,300.00,15.70,265.00
2025-01-08 22:00:00,1.10,161.00,9.00,0.04,9,272.00,0.18,2275,273.00,18.20,272.00,0.60,9,272.00,1.20,1509,234.00,16.00,268.00,-0.90,9,272.00,1.30,1720,293.00,15.50,267.00
2025-01-08 22:15:00,0.70,160.00,9.00,0.03,9,274.00,0.18,1943,263.00,16.90,250.00,0.40,9,274.00,1.00,1354,231.00,15.10,254.00,-0.60,9,274.00,1.20,1607,269.00,15.30,249.00
2025-01-08 22:30:00,0.40,160.00,9.00,0.03,9,273.00,0.17,1931,233.00,18.10,272.00,0.20,9,273.00,0.90,1253,202.00,15.70,268.00,-0.40,9,273.00,0.80,1652,229.00,17.00,268.00
2025-01-08 22:45:00,0.50,175.00,9.00,0.02,9,273.00,0.19,1873,223.00,18.10,271.00,0.40,9,273.00,0.90,1227,188.00,16.00,272.00,-0.40,9,273.00,0.70,1530,216.00,16.90,268.00
2025-01-08 23:00:00,0.50,192.00,9.00,-0.02,9,273.00,0.18,1793,220.00,17.90,271.00,0.40,9,273.00,0.80,1177,186.00,15.80,268.00,-0.20,9,273.00,0.80,1426,207.00,16.60,268.00
2025-01-08 23:15:00,0.40,179.00,9.00,-0.01,9,275.00,0.18,1642,204.00,17.00,255.00,0.30,9,275.00,0.80,1097,166.00,15.50,255.00,-0.30,9,275.00,0.80,1310,176.00,16.50,253.00
2025-01-08 23:30:00,0.40,193.00,9.00,-0.02,9,273.00,0.16,1802,215.00,18.10,273.00,0.40,9,273.00,0.80,1186,183.00,16.10,270.00,-0.20,9,273.00,0.70,1383,187.00,17.10,269.00
2025-01-08 23:45:00,0.40,165.00,9.00,-0.02,9,273.00,0.18,1778,218.00,18.00,272.00,0.30,9,273.00,0.70,1170,171.00,16.40,267.00,-0.30,9,273.00,0.70,1462,194.00,17.40,268.00
2025-01-09 00:00:00,0.30,177.00,9.00,-0.03,9,272.00,0.19,1762,243.00,17.20,271.00,0.30,9,272.00,0.80,1116,198.00,15.00,265.00,-0.20,9,272.00,0.70,1391,211.00,16.30,267.00
2025-01-09 00:15:00,0.50,190.00,9.00,-0.03,9,276.00,0.16,1763,198.00,17.60,255.00,0.40,9,276.00,0.70,1112,170.00,15.50,255.00,-0.20,9,276.00,0.70,1276,177.00,16.10,252.00
2025-01-09 00:30:00,0.30,175.00,9.00,-0.01,9,273.00,0.16,1805,210.00,18.40,273.00,0.20,9,273.00,0.70,1137,168.00,16.30,272.00,-0.20,9,273.00,0.70,1421,177.00,17.80,273.00
2025-01-09 00:45:00,0.40,184.00,9.00,0.02,9,273.00,0.17,1840,213.00,18.40,273.00,0.30,9,273.00,0.70,1123,172.00,16.00,268.00,-0.20,9,273.00,0.70,1430,175.00,17.90,269.00
2025-01-09 01:00:00,0.40,161.00,9.00,0.04,9,274.00,0.16,1784,207.00,18.30,272.00,0.20,9,274.00,0.80,1113,172.00,15.90,272.00,-0.30,9,274.00,0.70,1373,183.00,17.30,271.00
2025-01-09 01:15:00,0.50,193.00,9.00,0.00,9,275.00,0.18,1637,200.00,17.20,256.00,0.40,9,275.00,0.80,1063,167.00,15.20,256.00,-0.20,9,275.00,0.70,1374,175.00,16.90,253.00
2025-01-09 01:30:00,0.30,160.00,9.00,0.02,9,273.00,0.17,1745,213.00,17.90,273.00,0.20,9,273.00,0.80,1136,174.00,16.00,269.00,-0.30,9,273.00,0.60,1386,197.00,16.80,268.00
2025-01-09 01:45:00,0.20,182.00,9.00,0.00,9,274.00,0.19,1670,251.00,16.60,271.00,0.20,9,274.00,0.70,1131,202.00,15.00,265.00,-0.10,9,274.00,0.60,1361,229.00,15.60,265.00
2025-01-09 02:00:00,0.50,197.00,9.00,0.01,9,273.00,0.18,1824,208.00,18.50,273.00,0.50,9,273.00,0.90,1061,175.00,15.40,269.00,-0.20,9,273.00,0.60,1382,185.00,17.30,269.00
2025-01-09 02:15:00,0.40,198.00,9.00,0.02,9,275.00,0.17,1657,201.00,17.10,255.00,0.40,9,275.00,0.80,1061,169.00,15.00,250.00,-0.10,9,275.00,0.60,1241,179.00,15.80,249.00
2025-01-09 02:30:00,0.60,188.00,9.00,0.01,9,274.00,0.16,1812,215.00,18.20,273.00,0.50,9,274.00,0.70,1183,180.00,16.30,270.00,-0.30,9,274.00,0.70,1373,195.00,16.90,269.00
2025-01-09 02:45:00,0.70,187.00,9.00,0.02,9,273.00,0.18,1884,216.00,18.40,272.00,0.60,9,273.00,1.00,1177,192.00,15.50,270.00,-0.30,9,273.00,0.70,1444,197.00,17.20,271.00
2025-01-09 03:00:00,0.40,178.00,9.00,0.01,9,273.00,0.18,1857,215.00,18.40,273.00,0.30,9,273.00,0.80,1144,180.00,15.90,272.00,-0.30,9,273.00,0.80,1395,197.00,17.00,268.00
2025-01-09 03:15:00,0.50,187.00,9.00,0.02,9,276.00,0.18,1742,203.00,17.40,255.00,0.40,9,276.00,0.90,1019,173.00,14.50,252.00,-0.30,9,276.00,0.70,1289,176.00,16.30,252.00
2025-01-09 03:30:00,0.40,181.00,9.00,0.01,9,273.00,0.17,1721,214.00,17.80,271.00,0.30,9,273.00,0.80,1114,181.00,15.60,269.00,-0.20,9,273.00,0.70,1417,190.00,17.30,268.00
2025-01-09 03:45:00,0.60,170.00,9.00,0.02,9,274.00,0.21,1778,258.00,16.80,271.00,0.40,9,274.00,1.00,1277,223.00,15.20,268.00,-0.50,9,274.00,0.90,1416,245.00,15.40,263.00
2025-01-09 04:00:00,0.60,175.00,9.00,0.02,9,273.00,0.20,1718,226.00,17.40,271.00,0.50,9,273.00,1.00,1146,199.00,15.10,270.00,-0.40,9,273.00,1.10,1411,237.00,15.50,268.00
2025-01-09 04:15:00,0.50,168.00,9.00,0.03,9,276.00,0.19,1583,206.00,16.70,256.00,0.30,9,276.00,0.90,1046,185.00,14.20,254.00,-0.30,9,276.00,0.70,1277,202.00,15.20,251.00
2025-01-09 04:30:00,0.30,176.00,9.00,0.02,9,273.00,0.19,1763,220.00,17.80,273.00,0.30,9,273.00,0.90,1148,196.00,15.10,268.00,-0.20,9,273.00,0.80,1367,211.00,16.20,268.00
2025-01-09 04:45:00,0.50,123.00,9.00,0.05,9,274.00,0.17,1680,215.00,17.60,271.00,0.00,9,274.00,1.00,1100,182.00,15.30,272.00,-0.50,9,274.00,1.20,1366,225.00,15.70,268.00
2025-01-09 05:00:00,0.90,117.00,9.00,0.06,9,273.00,0.18,1705,213.00,17.70,270.00,-0.20,9,273.00,0.80,1187,182.00,16.00,271.00,-0.90,9,273.00,1.80,1350,264.00,14.30,268.00
2025-01-09 05:15:00,2.20,103.00,9.00,0.15,9,275.00,0.23,1775,255.00,16.00,255.00,-0.90,9,275.00,1.00,1368,223.00,14.70,255.00,-2.00,9,275.00,2.20,1572,313.00,13.50,256.00
2025-01-09 05:30:00,2.80,116.00,9.00,0.18,9,273.00,0.25,2003,295.00,16.40,270.00,-0.60,9,273.00,1.00,1654,249.00,16.00,272.00,-2.70,2,273.00,2.70,1709,377.00,13.40,271.00
2025-01-09 05:45:00,3.70,120.00,9.00,0.16,9,273.00,0.28,2180,305.00,16.90,273.00,-0.50,9,273.00,1.20,1898,269.00,16.40,273.00,-3.70,2,273.00,3.20,1848,449.00,12.30,273.00
2025-01-09 06:00:00,3.10,117.00,9.00,0.14,9,273.00,0.27,1943,277.00,16.80,269.00,-0.60,9,273.00,1.10,1561,241.00,15.90,272.00,-3.10,2,273.00,3.40,1675,418.00,12.10,273.00
2025-01-09 06:15:00,1.90,124.00,9.00,0.11,9,276.00,0.23,1599,233.00,15.80,253.00,-0.10,9,276.00,1.10,1300,203.00,15.30,255.00,-1.90,9,276.00,3.00,1406,311.00,12.60,255.00
2025-01-09 06:30:00,1.30,123.00,9.00,0.07,9,273.00,0.20,1774,237.00,17.20,273.00,-0.10,9,273.00,1.00,1364,214.00,15.80,273.00,-1.30,9,273.00,2.40,1453,319.00,13.30,268.00
2025-01-09 06:45:00,2.00,131.00,9.00,0.05,9,273.00,0.22,1838,259.00,16.90,272.00,0.10,9,273.00,1.30,1407,229.00,15.40,271.00,-2.00,9,273.00,3.50,1512,349.00,12.90,273.00
2025-01-09 07:00:00,2.00,126.00,9.00,0.09,9,273.00,0.27,1853,273.00,16.40,271.00,-0.10,9,273.00,1.30,1398,244.00,15.00,268.00,-2.00,9,273.00,3.40,1551,343.00,13.30,271.00
2025-01-09 07:15:00,0.50,97.00,9.00,0.09,9,276.00,0.18,1542,216.00,16.00,253.00,-0.30,9,276.00,0.90,1074,190.00,14.20,255.00,-0.40,9,276.00,0.80,1286,227.00,14.30,251.00
2025-01-09 07:30:00,0.40,121.00,9.00,0.08,9,273.00,0.18,1772,231.00,17.40,272.00,-0.10,9,273.00,1.30,1183,209.00,14.90,271.00,-0.40,9,273.00,0.90,1474,248.00,15.40,268.00
2025-01-09 07:45:00,0.30,153.00,9.00,0.06,9,273.00,0.17,1814,232.00,17.60,269.00,0.10,9,273.00,1.10,1161,215.00,14.50,269.00,-0.30,9,273.00,1.20,1435,241.00,15.60,268.00
2025-01-09 08:00:00,0.40,114.00,9.00,0.08,9,273.00,0.18,1902,228.00,18.20,273.00,-0.10,9,273.00,1.10,1110,209.00,14.30,268.00,-0.40,9,273.00,0.90,1458,224.00,16.20,268.00
2025-01-09 08:15:00,0.30,146.00,9.00,0.08,9,276.00,0.20,1620,227.00,16.20,252.00,0.10,9,276.00,1.20,1119,208.00,13.80,254.00,-0.30,9,276.00,0.70,1380,220.00,15.20,251.00
2025-01-09 08:30:00,1.10,115.00,9.00,0.10,9,273.00,0.20,1802,251.00,17.00,268.00,-0.20,9,273.00,1.30,1216,229.00,14.40,268.00,-1.00,9,273.00,2.10,1462,267.00,14.90,265.00
2025-01-09 08:45:00,0.50,100.00,9.00,0.10,9,273.00,0.19,1784,234.00,17.40,269.00,-0.20,9,273.00,1.20,1231,216.00,14.90,269.00,-0.40,9,273.00,1.00,1460,261.00,15.10,268.00
2025-01-09 09:00:00,0.60,124.00,9.00,0.10,9,273.00,0.19,1782,223.00,17.80,269.00,0.00,9,273.00,1.20,1133,201.00,14.80,273.00,-0.60,9,273.00,1.30,1463,250.00,15.50,268.00
2025-01-09 09:15:00,0.30,98.00,9.00,0.09,9,275.00,0.17,1673,201.00,17.30,255.00,-0.10,9,275.00,0.80,1028,177.00,14.50,255.00,-0.30,9,275.00,0.70,1352,187.00,16.30,252.00
2025-01-09 09:30:00,0.30,139.00,9.00,0.09,9,273.00,0.17,1750,213.00,17.90,272.00,0.10,9,273.00,0.90,1050,183.00,15.00,270.00,-0.30,9,273.00,0.60,1546,184.00,18.20,268.00
2025-01-09 09:45:00,0.20,125.00,9.00,0.08,9,273.00,0.19,1566,243.00,16.00,269.00,0.00,9,273.00,0.90,1036,212.00,13.70,266.00,-0.20,9,273.00,0.60,1369,221.00,15.60,269.00
2025-01-09 10:00:00,0.20,129.00,9.00,0.06,2,273.00,0.18,1562,229.00,16.50,272.00,0.00,2,273.00,0.80,1104,190.00,15.20,270.00,-0.20,2,273.00,0.70,1355,200.00,16.40,271.00
2025-01-09 10:15:00,0.30,134.00,9.00,0.08,2,276.00,0.18,1502,222.00,15.70,253.00,0.00,2,276.00,1.10,1051,200.00,13.60,255.00,-0.30,2,276.00,0.70,1296,204.00,15.10,252.00
2025-01-09 10:30:00,0.40,146.00,9.00,0.09,2,273.00,0.22,1714,256.00,16.30,271.00,0.10,2,273.00,1.20,1161,229.00,14.00,268.00,-0.40,2,273.00,1.00,1396,247.00,14.90,267.00
2025-01-09 10:45:00,0.60,114.00,9.00,0.08,2,273.00,0.22,1618,258.00,15.70,268.00,-0.10,2,273.00,1.20,1082,211.00,14.10,270.00,-0.50,2,273.00,1.20,1339,262.00,14.00,267.00
2025-01-09 11:00:00,0.50,138.00,9.00,0.05,2,273.00,0.20,1703,248.00,16.50,272.00,0.10,2,273.00,1.20,1135,222.00,14.00,268.00,-0.50,2,273.00,1.40,1314,254.00,14.10,268.00
2025-01-09 11:15:00,0.70,111.00,9.00,0.07,2,275.00,0.20,1538,236.00,15.40,254.00,-0.20,2,275.00,1.00,1066,203.00,13.70,254.00,-0.70,2,275.00,1.10,1243,238.00,13.70,249.00
2025-01-09 11:30:00,0.40,127.00,9.00,0.03,9,273.00,0.20,1674,250.00,16.30,272.00,0.00,9,273.00,1.00,1134,211.00,14.40,270.00,-0.40,9,273.00,1.00,1248,248.00,14.00,266.00
2025-01-09 11:45:00,0.60,114.00,9.00,0.07,9,273.00,0.21,1654,258.00,15.90,268.00,-0.20,9,273.00,1.30,1136,217.00,14.20,268.00,-0.60,9,273.00,1.20,1293,250.00,14.30,268.00
2025-01-09 12:00:00,1.00,112.00,9.00,0.07,2,273.00,0.23,1713,248.00,16.60,270.00,-0.30,2,273.00,1.20,1179,208.00,14.90,268.00,-0.90,2,273.00,1.70,1287,260.00,14.10,268.00
2025-01-09 12:15:00,0.70,116.00,9.00,0.01,2,275.00,0.21,1495,224.00,15.60,250.00,-0.10,2,275.00,1.10,1110,184.00,14.80,252.00,-0.70,2,275.00,1.50,1180,238.00,13.30,250.00
2025-01-09 12:30:00,0.70,119.00,9.00,0.05,2,273.00,0.20,1668,239.00,16.70,268.00,-0.10,2,273.00,1.00,1100,175.00,15.70,273.00,-0.70,2,273.00,1.20,1323,218.00,15.70,268.00
2025-01-09 12:45:00,0.70,126.00,9.00,0.05,2,273.00,0.22,1727,255.00,16.50,269.00,0.00,2,273.00,0.90,1210,183.00,16.10,269.00,-0.70,2,273.00,0.90,1375,199.00,16.70,268.00
2025-01-09 13:00:00,0.90,112.00,9.00,-0.03,2,273.00,0.25,1820,295.00,16.10,263.00,-0.20,2,273.00,1.20,1241,233.00,14.80,262.00,-0.80,2,273.00,1.60,1397,270.00,14.70,263.00
2025-01-09 13:15:00,0.80,132.00,9.00,0.06,2,277.00,0.21,1637,231.00,16.10,255.00,0.10,2,277.00,0.90,1149,179.00,15.40,257.00,-0.80,2,277.00,1.20,1221,212.00,14.50,252.00
2025-01-09 13:30:00,1.20,128.00,9.00,0.13,2,275.00,0.20,1854,261.00,16.80,273.00,0.00,2,275.00,1.00,1325,200.00,16.10,272.00,-1.20,2,275.00,1.10,1432,241.00,15.40,270.00
2025-01-09 13:45:00,1.00,129.00,9.00,0.07,2,274.00,0.21,1886,252.00,17.20,269.00,0.00,2,274.00,1.10,1339,201.00,16.20,271.00,-1.00,2,274.00,1.50,1430,252.00,15.20,269.00
2025-01-09 14:00:00,0.90,133.00,9.00,0.09,2,275.00,0.21,1734,233.00,17.20,274.00,0.10,2,275.00,0.90,1272,187.00,16.20,269.00,-0.90,2,275.00,1.30,1347,210.00,16.20,272.00
2025-01-09 14:15:00,0.40,153.00,9.00,0.08,2,277.00,0.22,1701,238.00,16.10,255.00,0.20,2,277.00,1.00,1251,182.00,15.80,254.00,-0.40,2,277.00,0.80,1448,185.00,16.80,252.00
2025-01-09 14:30:00,0.60,144.00,9.00,0.06,2,274.00,0.22,1742,274.00,16.30,269.00,0.20,2,274.00,0.90,1207,199.00,15.80,267.00,-0.50,2,274.00,0.90,1372,219.00,16.00,269.00
2025-01-09 14:45:00,0.40,170.00,9.00,0.07,2,275.00,0.19,1620,230.00,16.60,272.00,0.30,2,275.00,0.90,1181,174.00,16.40,275.00,-0.30,2,275.00,0.60,1499,176.00,18.40,273.00
2025-01-09 15:00:00,0.80,128.00,9.00,0.05,2,275.00,0.18,1721,227.00,17.30,272.00,0.00,2,275.00,0.90,1219,178.00,16.40,275.00,-0.80,2,275.00,1.50,1334,210.00,16.10,270.00
2025-01-09 15:15:00,0.60,120.00,9.00,0.08,2,276.00,0.18,1590,218.00,16.30,255.00,-0.10,2,276.00,0.70,1145,170.00,15.60,253.00,-0.60,2,276.00,1.00,1295,198.00,15.50,252.00
2025-01-09 15:30:00,0.60,130.00,9.00,0.06,9,275.00,0.21,1828,248.00,17.10,273.00,0.00,9,275.00,0.80,1199,187.00,15.70,274.00,-0.60,9,275.00,0.90,1473,215.00,16.70,270.00
2025-01-09 15:45:00,3.00,126.00,9.00,0.14,2,273.00,0.24,2173,301.00,17.00,271.00,-0.10,2,273.00,1.10,1843,255.00,16.90,271.00,-3.00,2,273.00,2.40,1852,373.00,14.10,273.00
2025-01-09 16:00:00,4.40,129.00,9.00,0.27,2,273.00,0.29,2519,394.00,16.20,269.00,0.10,2,273.00,1.20,2288,316.00,16.90,271.00,-4.40,2,273.00,2.50,2239,490.00,13.00,273.00
2025-01-09 16:15:00,5.30,128.00,9.00,0.36,2,275.00,0.36,2593,375.00,15.80,255.00,0.00,2,275.00,1.30,2466,336.00,16.10,255.00,-5.30,2,275.00,2.50,2324,461.00,13.00,255.00
2025-01-09 16:30:00,4.30,131.00,9.00,0.22,2,273.00,0.34,2661,405.00,15.90,272.00,0.20,2,273.00,1.30,2576,353.00,16.80,272.00,-4.30,2,273.00,2.70,2448,483.00,13.90,273.00
2025-01-09 16:45:00,3.90,131.00,9.00,0.22,2,273.00,0.29,2645,377.00,16.50,271.00,0.20,2,273.00,1.20,2290,300.00,16.90,272.00,-3.90,2,273.00,2.30,2276,436.00,14.20,273.00
2025-01-09 17:00:00,2.80,126.00,9.00,0.23,2,273.00,0.26,1927,296.00,16.00,272.00,-0.10,2,273.00,0.90,1782,232.00,17.20,270.00,-2.80,2,273.00,2.30,1636,338.00,13.60,273.00
2025-01-09 17:15:00,3.60,127.00,9.00,0.31,2,275.00,0.32,2324,380.00,15.00,254.00,-0.10,2,275.00,1.20,1960,297.00,15.20,253.00,-3.50,2,275.00,2.10,2043,406.00,13.20,255.00
2025-01-09 17:30:00,3.60,125.00,9.00,0.31,2,273.00,0.35,2784,428.00,16.20,271.00,-0.20,2,273.00,1.20,2505,339.00,17.00,271.00,-3.60,2,273.00,2.20,2620,468.00,14.80,272.00
2025-01-09 17:45:00,3.40,127.00,9.00,0.19,2,273.00,0.29,2673,357.00,17.30,268.00,0.00,2,273.00,1.30,2435,310.00,17.40,273.00,-3.40,2,273.00,1.90,2386,423.00,15.00,273.00
2025-01-09 18:00:00,2.90,120.00,9.00,0.18,9,273.00,0.31,2212,318.00,16.60,272.00,-0.40,9,273.00,1.60,2007,290.00,16.60,273.00,-2.90,2,273.00,2.30,1904,367.00,14.40,273.00
2025-01-09 18:15:00,2.30,120.00,9.00,0.10,9,275.00,0.33,1928,277.00,15.90,253.00,-0.30,9,275.00,1.60,1719,258.00,15.50,254.00,-2.30,9,275.00,2.50,1682,314.00,14.30,254.00
2025-01-09 18:30:00,1.40,125.00,9.00,0.04,9,273.00,0.29,1917,267.00,17.00,270.00,-0.10,9,273.00,1.50,1603,250.00,15.90,271.00,-1.40,9,273.00,2.10,1678,301.00,15.10,269.00
2025-01-09 18:45:00,1.80,117.00,9.00,0.11,9,273.00,0.29,2070,282.00,17.10,271.00,-0.30,9,273.00,1.60,1745,271.00,16.10,273.00,-1.70,9,273.00,2.00,1765,338.00,14.60,268.00
2025-01-09 19:00:00,2.10,122.00,9.00,0.15,9,273.00,0.27,2016,300.00,16.40,268.00,-0.20,9,273.00,1.50,1625,273.00,15.40,271.00,-2.00,9,273.00,2.20,1762,351.00,14.20,271.00
2025-01-09 19:15:00,2.10,137.00,9.00,0.19,9,275.00,0.31,1740,311.00,14.40,248.00,0.30,9,275.00,1.40,1458,265.00,14.20,250.00,-2.00,9,275.00,2.30,1506,302.00,13.40,253.00
2025-01-09 19:30:00,1.00,151.00,9.00,0.11,9,273.00,0.30,1850,261.00,17.00,268.00,0.40,9,273.00,1.30,1464,226.00,16.10,270.00,-0.90,9,273.00,1.40,1586,251.00,16.20,268.00
2025-01-09 19:45:00,0.20,131.00,9.00,0.06,9,273.00,0.16,1705,201.00,18.40,271.00,0.00,9,273.00,1.00,1128,172.00,16.10,272.00,-0.20,9,273.00,0.70,1553,174.00,19.00,272.00
2025-01-09 20:00:00,1.00,138.00,9.00,0.14,9,273.00,0.27,1923,275.00,16.90,268.00,0.20,9,273.00,1.60,1512,248.00,15.60,272.00,-1.00,9,273.00,1.50,1674,269.00,16.10,268.00
2025-01-09 20:15:00,0.80,143.00,9.00,0.04,9,275.00,0.24,1464,210.00,15.90,251.00,0.20,9,275.00,1.30,1003,182.00,14.10,250.00,-0.80,9,275.00,1.50,1290,208.00,15.40,250.00
2025-01-09 20:30:00,0.60,137.00,9.00,0.04,9,273.00,0.25,1552,216.00,16.90,271.00,0.10,9,273.00,1.40,1162,199.00,15.30,268.00,-0.60,9,273.00,1.20,1359,213.00,16.50,268.00
2025-01-09 20:45:00,0.60,122.00,9.00,0.06,9,273.00,0.17,1560,197.00,17.80,271.00,-0.10,9,273.00,0.90,1042,172.00,15.40,268.00,-0.60,9,273.00,1.30,1316,188.00,17.10,268.00
2025-01-09 21:00:00,0.60,141.00,9.00,0.05,9,273.00,0.20,1514,220.00,16.80,270.00,0.10,9,273.00,1.30,1107,204.00,14.70,265.00,-0.60,9,273.00,1.30,1304,219.00,15.90,266.00
2025-01-09 21:15:00,0.20,197.00,9.00,0.01,9,274.00,0.21,1380,189.00,16.30,253.00,0.20,9,274.00,1.10,1020,171.00,14.70,250.00,-0.10,9,274.00,0.80,1229,180.00,16.10,250.00
2025-01-09 21:30:00,0.20,212.00,9.00,0.00,9,273.00,0.21,1438,194.00,17.20,271.00,0.20,9,273.00,1.30,1036,168.00,15.70,268.00,0.00,9,273.00,0.90,1233,187.00,16.40,268.00
2025-01-09 21:45:00,0.30,157.00,9.00,0.02,9,273.00,0.18,1574,196.00,17.90,268.00,0.20,9,273.00,1.20,1147,180.00,15.90,272.00,-0.30,9,273.00,1.00,1370,199.00,17.00,268.00
2025-01-09 22:00:00,0.70,153.00,9.00,0.05,9,273.00,0.24,1502,215.00,16.80,271.00,0.30,9,273.00,1.30,1132,202.00,14.90,268.00,-0.60,9,273.00,1.70,1365,223.00,15.90,268.00
2025-01-09 22:15:00,0.80,131.00,9.00,0.03,9,275.00,0.22,1445,205.00,16.10,251.00,0.10,9,275.00,1.20,1096,190.00,14.50,252.00,-0.80,9,275.00,1.80,1229,201.00,15.50,250.00
2025-01-09 22:30:00,2.10,137.00,9.00,0.08,9,273.00,0.40,1714,312.00,14.90,268.00,0.30,9,273.00,2.10,1619,303.00,14.40,271.00,-2.00,9,273.00,3.40,1670,339.00,14.50,272.00
2025-01-09 22:45:00,2.20,144.00,9.00,0.14,9,273.00,0.47,1801,346.00,14.60,266.00,0.60,9,273.00,2.20,1725,335.00,14.20,268.00,-2.10,9,273.00,2.90,1755,363.00,14.20,270.00
2025-01-09 23:00:00,1.90,144.00,9.00,0.11,9,273.00,0.35,1763,316.00,15.00,268.00,0.50,9,273.00,1.90,1648,314.00,14.20,269.00,-1.80,9,273.00,2.70,1674,342.00,14.20,271.00
2025-01-09 23:15:00,1.20,197.00,9.00,0.00,9,275.00,0.37,1712,284.00,15.10,250.00,1.10,9,275.00,2.20,1514,286.00,13.60,255.00,-0.40,9,275.00,2.10,1661,292.00,15.00,249.00
2025-01-09 23:30:00,0.40,227.00,9.00,0.00,9,273.00,0.26,1739,239.00,17.40,268.00,0.40,9,273.00,1.80,1453,254.00,15.30,269.00,0.10,9,273.00,1.20,1633,233.00,17.70,267.00
2025-01-09 23:45:00,0.20,206.00,9.00,0.06,9,273.00,0.21,1712,223.00,17.60,268.00,0.20,9,273.00,1.60,1150,204.00,15.00,268.00,0.00,9,273.00,0.80,1483,202.00,17.60,268.00
2025-01-10 00:00:00,1.00,178.00,9.00,0.09,9,273.00,0.24,1788,244.00,17.30,268.00,0.70,9,273.00,2.10,1414,276.00,14.10,269.00,-0.60,9,273.00,1.40,1537,258.00,15.80,267.00
2025-01-10 00:15:00,0.60,195.00,9.00,0.02,9,274.00,0.26,1537,204.00,16.70,252.00,0.50,9,274.00,1.30,1088,182.00,14.70,254.00,-0.20,9,274.00,1.10,1302,186.00,16.40,250.00
2025-01-10 00:30:00,2.30,132.00,9.00,0.06,9,273.00,0.30,1765,250.00,16.90,271.00,0.20,9,273.00,1.40,1586,231.00,16.40,268.00,-2.30,2,273.00,2.60,1548,297.00,14.70,273.00
2025-01-10 00:45:00,1.70,132.00,9.00,0.09,9,273.00,0.29,1871,266.00,16.80,271.00,0.10,9,273.00,1.40,1604,234.00,16.70,270.00,-1.70,9,273.00,1.60,1803,251.00,17.30,273.00
2025-01-10 01:00:00,0.10,143.00,9.00,-0.02,9,273.00,0.16,1625,178.00,18.90,271.00,0.00,9,273.00,0.60,1258,149.00,18.30,271.00,-0.10,9,273.00,0.70,1243,144.00,18.60,268.00
2025-01-10 01:15:00,0.20,90.00,9.00,0.03,9,275.00,0.15,1581,185.00,17.50,253.00,-0.10,9,275.00,0.70,1071,154.00,15.90,252.00,-0.20,9,275.00,0.60,1319,148.00,17.90,251.00
2025-01-10 01:30:00,0.60,143.00,9.00,0.00,9,273.00,0.17,2061,210.00,19.60,272.00,0.10,9,273.00,0.70,1511,190.00,17.60,272.00,-0.50,9,273.00,0.80,1791,191.00,19.30,272.00
2025-01-10 01:45:00,0.60,139.00,9.00,0.03,9,272.00,0.17,1936,200.00,19.40,272.00,0.10,9,272.00,0.80,1323,168.00,17.60,272.00,-0.60,9,272.00,0.70,1478,184.00,17.90,267.00
2025-01-10 02:00:00,1.50,130.00,9.00,0.02,9,273.00,0.18,1905,218.00,18.50,271.00,0.10,9,273.00,0.80,1513,192.00,17.60,273.00,-1.50,9,273.00,1.90,1526,270.00,15.20,273.00
2025-01-10 02:15:00,1.10,132.00,9.00,0.03,9,274.00,0.19,1720,203.00,17.40,254.00,0.10,9,274.00,0.90,1357,184.00,16.40,254.00,-1.10,9,274.00,1.50,1360,236.00,14.70,250.00
2025-01-10 02:30:00,0.80,138.00,9.00,0.01,9,273.00,0.20,1743,221.00,17.70,272.00,0.10,9,273.00,0.80,1440,201.00,16.80,272.00,-0.80,9,273.00,1.20,1494,249.00,15.70,267.00
2025-01-10 02:45:00,0.60,130.00,9.00,0.01,9,273.00,0.16,1679,194.00,18.40,273.00,0.00,9,273.00,0.90,1322,173.00,17.40,272.00,-0.60,9,273.00,1.00,1370,196.00,16.90,268.00
2025-01-10 03:00:00,0.00,353.00,9.00,-0.06,9,272.00,0.12,1715,170.00,19.80,272.00,0.00,9,272.00,0.60,1207,159.00,17.40,270.00,0.00,9,272.00,0.60,1467,138.00,20.20,268.00
2025-01-10 03:15:00,0.30,245.00,9.00,-0.02,9,275.00,0.15,1266,158.00,17.10,255.00,0.20,9,275.00,0.70,1040,142.00,16.30,255.00,0.10,9,275.00,0.60,1223,130.00,18.30,251.00
2025-01-10 03:30:00,0.30,186.00,9.00,-0.04,9,274.00,0.08,2016,168.00,21.30,273.00,0.30,9,274.00,0.60,1252,153.00,18.00,273.00,-0.20,9,274.00,0.60,1248,144.00,18.50,273.00
2025-01-10 03:45:00,0.10,102.00,9.00,-0.03,9,273.00,0.18,1354,176.00,17.40,273.00,-0.10,9,273.00,0.60,1184,150.00,17.50,273.00,-0.10,9,273.00,0.60,1455,134.00,20.40,273.00
2025-01-10 04:00:00,0.20,275.00,9.00,-0.05,9,273.00,0.15,1559,177.00,18.70,273.00,0.10,9,273.00,0.80,1096,155.00,16.40,272.00,0.10,9,273.00,0.60,1185,146.00,18.00,272.00
2025-01-10 04:15:00,0.30,42.00,9.00,0.03,9,275.00,0.15,1412,207.00,15.80,254.00,-0.30,9,275.00,0.70,961,186.00,13.60,248.00,0.00,9,275.00,0.60,1269,167.00,16.80,253.00
2025-01-10 04:30:00,0.30,237.00,9.00,-0.05,9,274.00,0.10,1735,228.00,17.40,272.00,0.30,9,274.00,0.70,867,197.00,12.70,271.00,0.10,9,274.00,0.50,1213,175.00,16.40,271.00
2025-01-10 04:45:00,0.10,116.00,9.00,-0.04,9,272.00,0.14,1480,219.00,16.20,270.00,0.00,9,272.00,0.70,1072,196.00,14.50,272.00,-0.10,9,272.00,0.70,1351,197.00,16.50,267.00
2025-01-10 05:00:00,0.20,129.00,9.00,-0.04,9,273.00,0.18,1499,213.00,16.60,273.00,0.00,9,273.00,0.60,1362,179.00,17.40,270.00,-0.20,9,273.00,0.70,1868,192.00,19.60,268.00
2025-01-10 05:15:00,0.50,318.00,9.00,-0.09,9,275.00,0.16,1320,244.00,13.80,249.00,-0.10,9,275.00,0.70,1092,243.00,12.40,253.00,0.40,9,275.00,0.50,1312,244.00,13.90,249.00
2025-01-10 05:30:00,0.30,288.00,9.00,-0.08,9,272.00,0.19,1607,436.00,11.60,242.00,0.10,9,272.00,0.80,1237,428.00,9.50,203.00,0.30,9,272.00,0.80,1476,456.00,10.50,216.00
2025-01-10 05:45:00,0.40,322.00,9.00,-0.06,9,273.00,0.19,1605,389.00,12.10,271.00,-0.10,9,273.00,0.80,1360,381.00,10.80,246.00,0.40,9,273.00,0.70,1648,404.00,12.10,251.00
2025-01-10 06:00:00,0.60,292.00,9.00,-0.07,9,272.00,0.18,1660,368.00,13.00,271.00,0.20,9,272.00,0.70,1342,370.00,11.10,262.00,0.60,9,272.00,0.50,1661,395.00,12.50,260.00
2025-01-10 06:15:00,0.10,232.00,9.00,-0.08,9,274.00,0.20,1730,678.00,7.90,184.00,0.10,9,274.00,0.80,1372,657.00,6.20,105.00,0.00,9,274.00,0.80,1836,688.00,8.30,192.00
2025-01-10 06:30:00,0.20,75.00,9.00,-0.09,9,273.00,0.15,1888,579.00,10.20,240.00,-0.20,9,273.00,0.60,1458,567.00,8.10,198.00,-0.10,9,273.00,0.60,1666,607.00,8.70,217.00
2025-01-10 06:45:00,0.20,174.00,9.00,-0.05,9,272.00,0.16,1974,515.00,11.50,264.00,0.10,9,272.00,0.90,1255,506.00,7.70,182.00,-0.10,9,272.00,0.50,2210,522.00,12.20,251.00
2025-01-10 07:00:00,0.20,265.00,9.00,-0.13,9,273.00,0.16,1814,679.00,8.50,211.00,0.20,9,273.00,0.50,1489,664.00,6.90,148.00,0.20,9,273.00,0.40,2124,704.00,9.50,223.00
2025-01-10 07:15:00,0.70,51.00,9.00,-0.02,9,274.00,0.17,1961,651.00,9.30,218.00,-0.60,9,274.00,0.70,1306,609.00,6.50,133.00,-0.10,9,274.00,0.60,1785,671.00,8.30,190.00
2025-01-10 07:30:00,0.30,38.00,9.00,-0.03,9,273.00,0.13,2184,724.00,9.40,223.00,-0.30,9,273.00,0.70,1454,731.00,5.90,88.00,0.00,9,273.00,0.60,1977,749.00,8.40,205.00
2025-01-10 07:45:00,0.50,60.00,9.00,0.02,9,272.00,0.12,2448,344.00,17.50,268.00,-0.40,9,272.00,0.50,1536,303.00,14.90,257.00,-0.20,9,272.00,0.50,1990,292.00,17.60,271.00
2025-01-10 08:00:00,0.40,70.00,9.00,0.01,9,272.00,0.10,2462,221.00,20.70,271.00,-0.40,9,272.00,0.60,1471,191.00,17.50,271.00,-0.20,9,272.00,0.50,1949,177.00,20.60,271.00
2025-01-10 08:15:00,0.50,83.00,9.00,0.00,9,275.00,0.11,2065,205.00,18.80,252.00,-0.30,9,275.00,0.50,1366,180.00,16.50,250.00,-0.30,9,275.00,0.40,1938,149.00,20.90,253.00
2025-01-10 08:30:00,0.80,31.00,9.00,-0.05,9,272.00,0.07,2498,213.00,21.20,271.00,-0.80,9,272.00,0.80,1103,198.00,14.70,271.00,0.10,9,272.00,0.40,2221,143.00,23.70,272.00
2025-01-10 08:45:00,0.70,23.00,9.00,-0.03,9,272.00,0.10,2520,219.00,21.00,272.00,-0.70,9,272.00,0.80,1194,188.00,15.80,272.00,0.20,9,272.00,0.50,2064,155.00,22.30,272.00
2025-01-10 09:00:00,0.30,13.00,9.00,-0.06,9,273.00,0.13,1953,213.00,19.00,273.00,-0.30,9,273.00,0.70,1181,194.00,15.40,272.00,0.10,9,273.00,0.40,2088,155.00,22.50,272.00
2025-01-10 09:15:00,0.40,56.00,9.00,-0.03,9,274.00,0.15,1920,227.00,17.70,253.00,-0.40,9,274.00,1.00,1010,204.00,13.60,251.00,-0.10,9,274.00,0.50,1790,169.00,19.90,254.00
2025-01-10 09:30:00,0.50,58.00,9.00,-0.02,9,272.00,0.14,2114,216.00,19.50,271.00,-0.50,9,272.00,0.70,1062,185.00,15.00,272.00,-0.20,9,272.00,0.40,1817,156.00,21.10,272.00
2025-01-10 09:45:00,0.80,74.00,9.00,0.01,9,273.00,0.14,2234,246.00,19.10,270.00,-0.70,9,273.00,0.60,1269,209.00,15.40,271.00,-0.50,9,273.00,0.40,1974,192.00,20.10,268.00
2025-01-10 10:00:00,0.40,73.00,9.00,0.00,2,272.00,0.15,2097,235.00,18.70,269.00,-0.30,2,272.00,0.60,1394,197.00,16.80,266.00,-0.20,2,272.00,0.50,1913,169.00,20.90,267.00
2025-01-10 10:15:00,0.50,72.00,9.00,-0.01,2,274.00,0.13,2082,226.00,18.00,252.00,-0.40,2,274.00,0.70,1385,197.00,15.80,255.00,-0.30,2,274.00,0.60,1740,148.00,20.10,254.00
2025-01-10 10:30:00,0.20,99.00,9.00,-0.01,2,272.00,0.11,2160,242.00,18.70,269.00,-0.10,2,272.00,0.60,1323,219.00,15.30,269.00,-0.10,2,272.00,0.50,1873,179.00,20.20,271.00
2025-01-10 10:45:00,0.60,78.00,9.00,0.02,2,273.00,0.13,2118,278.00,17.50,266.00,-0.50,2,273.00,0.80,1299,236.00,14.80,269.00,-0.40,2,273.00,0.40,1839,174.00,20.60,272.00
2025-01-10 11:00:00,0.60,291.00,9.00,0.10,2,273.00,0.48,3007,435.00,17.20,268.00,0.20,2,273.00,2.20,2518,414.00,15.70,270.00,0.50,2,273.00,2.80,2706,425.00,16.80,273.00
2025-01-10 11:15:00,1.00,287.00,9.00,-0.04,2,276.00,0.30,2358,387.00,15.20,251.00,0.40,2,276.00,2.10,1954,331.00,14.50,254.00,0.90,2,276.00,1.70,2036,343.00,15.00,253.00
2025-01-10 11:30:00,0.50,312.00,9.00,0.00,2,273.00,0.25,2433,345.00,17.00,268.00,0.00,2,273.00,2.10,1896,314.00,15.80,268.00,0.50,2,273.00,1.50,1899,293.00,16.50,268.00
2025-01-10 11:45:00,0.90,295.00,9.00,0.02,2,273.00,0.26,2478,340.00,17.10,271.00,0.20,2,273.00,1.30,1980,298.00,16.30,270.00,0.90,2,273.00,1.70,2048,303.00,16.80,268.00
2025-01-10 12:00:00,1.20,306.00,9.00,0.01,2,273.00,0.39,2644,452.00,15.30,266.00,0.00,2,273.00,2.30,2155,417.00,14.00,265.00,1.20,2,273.00,2.10,2107,435.00,13.70,266.00
2025-01-10 12:15:00,0.90,299.00,9.00,-0.04,2,275.00,0.27,2265,356.00,15.40,250.00,0.10,2,275.00,1.50,1782,302.00,14.70,252.00,0.90,2,275.00,1.10,1732,312.00,14.60,249.00
2025-01-10 12:30:00,0.20,270.00,9.00,-0.02,9,273.00,0.21,2201,291.00,17.40,268.00,0.10,9,273.00,1.10,1452,250.00,15.40,268.00,0.20,9,273.00,0.80,1619,232.00,16.90,267.00
2025-01-10 12:45:00,0.10,257.00,9.00,-0.01,9,273.00,0.21,2158,330.00,16.20,271.00,0.10,9,273.00,1.30,1414,267.00,14.40,266.00,0.10,9,273.00,0.80,1518,257.00,15.40,269.00
2025-01-10 13:00:00,0.30,283.00,9.00,0.00,9,273.00,0.20,2219,334.00,16.40,269.00,0.10,9,273.00,1.50,1462,279.00,14.50,268.00,0.30,9,273.00,0.80,1584,275.00,15.30,268.00
2025-01-10 13:15:00,0.00,254.00,9.00,0.02,9,275.00,0.17,2062,290.00,16.00,251.00,0.00,9,275.00,1.00,1306,245.00,13.80,249.00,0.00,9,275.00,0.80,1355,227.00,14.70,250.00
2025-01-10 13:30:00,0.10,284.00,9.00,0.01,9,273.00,0.20,2121,296.00,16.90,269.00,0.10,9,273.00,1.20,1415,251.00,15.00,268.00,0.10,9,273.00,0.90,1534,241.00,16.10,268.00
2025-01-10 13:45:00,0.20,284.00,9.00,0.01,9,273.00,0.19,2102,344.00,15.70,270.00,0.10,9,273.00,1.40,1464,296.00,14.00,263.00,0.20,9,273.00,1.00,1606,294.00,14.80,263.00
